state,year,Days with AQI,Good Days,Moderate Days,Unhealthy for Sensitive Groups Days,Unhealthy Days,Very Unhealthy Days,Hazardous Days,Max AQI,Median AQI,Avg_Temp,Total_Sightings
Alabama,2011,4722,2800,1840,75,7,0,0,111.8947368,46.84210526,18.79571391,104
Alabama,2012,4481,2941,1476,60,4,0,0,110.8235294,44.05882353,10.56729751,123
Alabama,2013,4692,3470,1219,3,0,0,0,86.77777778,41.27777778,16.84536496,55
Alabama,2014,4688,3385,1287,16,0,0,0,93.77777778,41.77777778,62.96085872,201
Alabama,2015,5171,3047,2102,19,3,0,0,106.7777778,44.94444444,65.13476517,162
Alabama,2016,4996,3172,1795,24,5,0,0,113.0555556,44.27777778,68.8312324,248
Alabama,2017,5156,3444,1696,14,1,1,0,106.8888889,42.88888889,66.84438841,306
Alabama,2018,5008,3364,1635,7,2,0,0,99.11764706,41.41176471,65.79294732,553
Alabama,2019,4934,3247,1670,17,0,0,0,89.88235294,43.47058824,67.28228635,665
Alabama,2020,4334,3025,1304,5,0,0,0,86.33333333,39.6,66.6021172,237
Alabama,2021,4422,3063,1349,8,2,0,0,92.73333333,40.53333333,58.22178325,1007
Alabama,2022,4526,3179,1343,4,0,0,0,90.6,40.73333333,65.39028831,530
Alabama,2023,4813,3028,1756,24,3,2,0,111.2,44.4,62.42555844,567
Alabama,2024,1327,1017,308,2,0,0,0,79.85714286,37.21428571,63.72603021,33
Arizona,2010,4024,2535,1382,103,2,0,2,245.0769231,43.84615385,61.82345692,56
Arizona,2011,4168,2337,1566,209,27,13,16,328.1538462,46.53846154,61.48877347,84
Arizona,2012,4373,2427,1678,244,16,4,4,171.9230769,47.15384615,65.22008797,305
Arizona,2013,4506,2743,1584,142,24,8,5,244.5384615,45.07692308,63.66959292,404
Arizona,2014,4645,2865,1598,140,23,7,12,211.0769231,44.61538462,65.1696919,105
Arizona,2015,4670,3220,1338,98,3,1,10,178.1538462,41.38461538,64.51272454,230
Arizona,2016,4728,3103,1511,103,6,3,2,237.3846154,44.07692308,65.16892474,810
Arizona,2017,4706,2891,1647,149,16,2,1,148.9230769,45.30769231,64.42876025,146
Arizona,2018,4733,2969,1587,150,13,6,8,206.7692308,44.46153846,63.82647257,101
Arizona,2019,4727,3190,1442,83,2,3,7,166.1538462,43.07692308,62.08667,193
Arizona,2020,4707,3039,1343,168,78,76,3,244.3076923,48.53846154,64.65579187,112
Arizona,2021,4695,2856,1524,170,71,73,1,163.4615385,50.38461538,64.10307668,675
Arizona,2022,4720,3150,1393,144,22,8,3,172,43.61538462,62.48403903,289
Arizona,2023,4723,3040,1527,133,19,2,2,205.3846154,43.84615385,63.30584952,205
Arizona,2024,2351,1558,733,56,2,2,0,122.6923077,40,62.29335989,245
Arkansas,2010,3540,1930,1570,38,2,0,0,101.1764706,49.52941176,61.39483531,28
Arkansas,2011,3438,1874,1509,53,2,0,0,99.47058824,49,62.31386022,155
Arkansas,2012,2899,1700,1145,50,4,0,0,105.2142857,48,64.84482162,128
Arkansas,2013,2718,1858,855,5,0,0,0,93.90909091,44.09090909,62.25180097,165
Arkansas,2014,2752,2021,728,3,0,0,0,89.18181818,42.45454545,61.84680366,308
Arkansas,2015,2731,2037,692,2,0,0,0,85.36363636,41.27272727,64.00585397,260
Arkansas,2016,2778,2094,681,2,1,0,0,85.09090909,42.45454545,63.93245271,367
Arkansas,2017,3022,1975,1045,2,0,0,0,85.90909091,44.09090909,66.57375223,355
Arkansas,2018,3120,2090,1021,9,0,0,0,95.08333333,42.83333333,64.46688417,890
Arkansas,2019,3088,2067,1019,2,0,0,0,85.30769231,43.76923077,64.09715192,738
Arkansas,2020,2768,2116,646,6,0,0,0,96.45454545,39.18181818,63.70514571,631
Arkansas,2021,2754,1897,850,7,0,0,0,90.18181818,42.63636364,68.17797226,515
Arkansas,2022,2747,1953,783,10,1,0,0,104.5454545,42.09090909,73.07554944,218
Arkansas,2023,2633,1807,809,16,1,0,0,103.8181818,43.90909091,72.6854396,150
California,2010,18571,9926,7261,1054,282,25,23,322.6415094,48.75471698,59.30192554,85
California,2011,18670,8333,8604,1314,379,20,20,506.6481481,53.31481481,58.89146099,1765
California,2012,18885,9131,7947,1396,368,21,22,304.462963,52.25925926,60.9588482,9774
California,2013,18695,8272,8908,1225,269,12,9,226.8518519,53.48148148,60.03993035,1267
California,2014,18601,8448,8556,1283,290,11,13,216.9814815,52.51851852,62.12890074,104881
California,2015,18587,8782,8391,1138,245,14,17,254.8148148,52.64814815,61.31623561,156021
California,2016,19000,9606,7867,1226,247,22,32,283.1481481,50.07407407,62.62625822,91771
California,2017,18938,8944,8225,1316,365,58,30,316,52.56603774,62.13701683,76170
California,2018,19038,8710,8512,1230,480,90,16,252.0943396,52.56603774,61.76290919,66944
California,2019,19063,11450,6742,703,141,12,15,234.3962264,46.71698113,60.89413,775
California,2020,19255,9770,7418,1152,701,149,65,331.0377358,51.8490566,62.36320945,1959
California,2021,19023,9437,7986,1069,423,67,41,305.9245283,51.22641509,62.05460184,1692
California,2022,18810,10060,7639,838,205,30,38,379.3653846,49.28846154,62.32989899,2279
California,2023,18801,10824,7059,701,167,31,19,228.3461538,47.65384615,60.84573359,5150
California,2024,4840,3315,1434,80,8,0,3,107.1914894,40.25531915,55.03324312,477
Colorado,2010,8804,6156,2475,164,9,0,0,118.9375,37.46875,50.38716028,29
Colorado,2011,9125,5918,2910,282,13,1,1,130.4375,39.6875,46.91514467,35
Colorado,2012,9058,5991,2670,369,27,1,0,126.0645161,41.09677419,51.20366749,8
Colorado,2013,9133,6310,2592,209,18,3,1,167.1666667,40.36666667,47.70067642,35
Colorado,2014,9068,6861,2114,85,7,1,0,105.1666667,37.23333333,48.97166424,40
Colorado,2015,8989,6806,2074,102,5,2,0,110.0322581,36.09677419,49.13924299,207
Colorado,2016,9220,7019,2114,80,6,1,0,104.21875,36.03125,50.61013751,131
Colorado,2017,9371,6656,2605,107,3,0,0,99.96875,37.4375,50.81536035,109
Colorado,2018,9701,6324,3085,263,25,4,0,129.8484848,40.27272727,50.39274403,162
Colorado,2019,8753,6118,2565,68,2,0,0,98.29032258,38.09677419,48.21204118,63
Colorado,2020,8873,6144,2522,185,21,1,0,124.0322581,38.25806452,51.48281068,283
Colorado,2021,9122,5968,2712,401,40,0,1,144.6129032,39.70967742,52.43149622,251
Colorado,2022,9323,6708,2473,136,4,1,1,122.9354839,39.22580645,49.00415774,191
Colorado,2023,9406,6270,3030,92,13,1,0,122.0666667,41.46666667,49.29710132,222
Colorado,2024,3827,3111,710,6,0,0,0,83.19230769,37.34615385,46.87701696,36
Connecticut,2010,2509,1733,682,85,9,0,0,152.625,41.875,51.46290654,37
Connecticut,2011,2251,1622,562,47,20,0,0,164,41.5,31.94754001,123
Connecticut,2012,2519,1458,932,103,26,0,0,170.25,46.625,53.34335937,176
Connecticut,2013,2520,1325,1116,64,15,0,0,156.75,47.875,51.35343104,62
Connecticut,2014,2529,1572,901,53,3,0,0,132.25,45.125,50.30833439,166
Connecticut,2015,2541,1638,809,84,10,0,0,149.5,44.5,51.25137951,173
Connecticut,2016,2529,1756,689,68,16,0,0,164.625,42.875,53.11576402,290
Connecticut,2017,2581,1964,561,45,11,0,0,151.5,40.625,52.34531615,844
Connecticut,2018,2552,1935,552,56,9,0,0,144,39.875,52.13152384,400
Connecticut,2019,2601,2029,512,54,6,0,0,131.625,41.125,54.00898187,996
Connecticut,2020,2595,1975,588,28,4,0,0,124.75,41,53.3925137,472
Connecticut,2021,2589,1941,589,50,9,0,0,142.875,40.375,53.1538281,1276
Connecticut,2022,2600,2009,543,46,2,0,0,125.375,40.5,52.5343707,897
Connecticut,2023,2602,1872,665,43,20,2,0,171.625,41.625,53.39064557,268
Connecticut,2024,665,596,69,0,0,0,0,60.875,37.25,37.18130376,179
Delaware,2011,1095,649,407,32,7,0,0,177,46.33333333,63.43527391,52
Delaware,2012,1074,605,410,49,10,0,0,177.6666667,46.66666667,58.2092205,3
Delaware,2013,1087,625,451,11,0,0,0,123,47,56.29761804,56
Delaware,2014,1094,569,512,12,1,0,0,122,49.66666667,53.83470911,35
Delaware,2015,1095,646,436,12,1,0,0,129,47,55.52683999,553
Delaware,2016,1096,704,377,14,1,0,0,139.6666667,45.66666667,57.79832273,927
Delaware,2017,1091,702,377,12,0,0,0,122.3333333,45.33333333,57.54675288,85
Delaware,2018,1095,735,348,12,0,0,0,141,44,56.79938405,239
Delaware,2019,1095,706,386,3,0,0,0,104.6666667,45,57.4052264,137
Delaware,2020,1094,813,279,2,0,0,0,90.66666667,42.33333333,58.2129795,85
Delaware,2021,1090,732,352,6,0,0,0,117.3333333,43.33333333,57.89741247,38
Delaware,2022,1094,759,335,0,0,0,0,88,44.33333333,56.09344855,82
Delaware,2023,1078,593,461,14,6,4,0,230.6666667,48.33333333,58.99531259,49
Florida,2010,12835,7626,5134,69,6,0,0,112.4054054,45.62162162,70.99230015,137
Florida,2011,13218,8576,4509,126,7,0,0,117.0789474,43.73684211,74.77102008,773
Florida,2012,13413,9628,3720,58,7,0,0,113.2368421,41.52631579,73.00854717,607
Florida,2013,13353,10130,3194,28,0,1,0,100.5789474,39.63157895,72.42352004,254
Florida,2014,13561,9870,3655,34,2,0,0,101.2564103,40.79487179,67.78362739,525
Florida,2015,13769,10752,3011,6,0,0,0,85.23076923,38.84615385,73.83219218,718
Florida,2016,13817,10447,3353,14,3,0,0,95.97435897,41.25641026,71.40484307,709
Florida,2017,13787,10053,3693,41,0,0,0,106.1025641,41.41025641,73.11030223,2173
Florida,2018,13765,10643,3089,31,2,0,0,101.6923077,39.35897436,72.8877921,1065
Florida,2019,13653,10569,3065,19,0,0,0,93.1025641,40,74.15016476,912
Florida,2020,13736,10334,3375,21,6,0,0,100.6153846,40.58974359,72.60726744,1049
Florida,2021,13755,10325,3425,5,0,0,0,84.94736842,40.92105263,73.27931236,3321
Florida,2022,13363,10068,3288,7,0,0,0,91.57894737,41.13157895,72.41894216,1874
Florida,2023,13617,9912,3674,28,3,0,0,103.1842105,41.94736842,74.21672292,952
Florida,2024,4355,3267,1076,9,3,0,0,87.86842105,42.10526316,71.70964589,1052
Georgia,2010,9430,4083,5212,118,16,1,0,133.15625,51.34375,61.53775619,96
Georgia,2011,9366,4063,5040,249,14,0,0,128.96875,51.5625,62.30607609,5366
Georgia,2012,9399,4666,4610,103,19,1,0,125.96875,49.125,63.122566,411
Georgia,2013,9511,5798,3685,27,1,0,0,98.375,45.09375,60.32631517,149
Georgia,2014,9389,5029,4316,43,1,0,0,104.125,47.78125,60.43239162,405
Georgia,2015,9422,5845,3541,31,4,1,0,107.53125,44.25,63.89173003,314
Georgia,2016,9129,5739,3283,92,15,0,0,130.21875,44.5,63.93974342,454
Georgia,2017,8515,5643,2853,16,2,0,1,107.516129,43.25806452,59.18457164,748
Georgia,2018,8275,5704,2549,22,0,0,0,95.62068966,40.62068966,64.55549034,873
Georgia,2019,8511,5308,3158,42,3,0,0,106.0689655,44.55172414,65.62219886,1281
Georgia,2020,8457,6241,2201,15,0,0,0,95.51724138,39.06896552,63.9059999,566
Georgia,2021,8670,5715,2917,37,1,0,0,101.137931,42.65517241,64.24227722,1695
Georgia,2022,8827,5857,2946,22,2,0,0,103.3448276,42.37931034,64.67109163,995
Georgia,2023,8971,5341,3539,84,7,0,0,125.7931034,45.62068966,64.63796563,632
Georgia,2024,4364,2859,1480,24,1,0,0,103.0714286,44.10714286,65.34642273,128
Hawaii,2011,1324,827,496,1,0,0,0,78.75,38.25,67.46316278,1
Hawaii,2012,1446,875,569,0,2,0,0,97.5,43.75,67.28957247,1
Hawaii,2013,1457,944,513,0,0,0,0,76,38.5,68.16793186,1
Hawaii,2014,1399,1011,384,3,1,0,0,127.5,35.5,69.00046524,2
Hawaii,2015,1457,953,504,0,0,0,0,75.25,38,69.83382346,2
Hawaii,2016,1456,1008,442,6,0,0,0,92.5,35.75,69.684874,23
Hawaii,2017,1453,1107,346,0,0,0,0,78.25,33.25,69.29773245,4
Hawaii,2019,1455,1417,34,3,1,0,0,96,21.25,69.81111281,22
Hawaii,2021,1457,1425,32,0,0,0,0,58.25,23.25,68.11727117,6
Hawaii,2022,1181,1131,50,0,0,0,0,56,24,62.04541542,129
Hawaii,2023,1077,1017,58,1,1,0,0,113.3333333,24.66666667,57.69691041,4
Idaho,2010,4634,3531,1054,46,3,0,0,100.1764706,32.35294118,47.99960566,1
Idaho,2011,5045,4183,816,40,6,0,0,94.875,29.5625,47.04149294,3
Idaho,2012,4786,3592,1086,50,39,19,0,172.2857143,29.92857143,48.93260722,9
Idaho,2013,3602,2653,861,68,20,0,0,126.5384615,30.46153846,47.33633698,16
Idaho,2014,3309,2549,712,44,4,0,0,116.7,31.8,46.84783144,15
Idaho,2015,5608,4130,1312,112,43,10,1,170.75,30.9,48.15395996,45
Idaho,2016,6447,4891,1483,67,6,0,0,109.7,31.35,48.99253455,69
Idaho,2017,6683,4509,1914,173,58,26,3,219.5,35.8,47.51803026,33
Idaho,2018,6850,4892,1842,96,18,2,0,154.15,33.7,48.76651643,22
Idaho,2019,6911,5478,1408,22,3,0,0,92.5,30.55,46.73285329,20
Idaho,2020,6846,5069,1618,73,57,23,6,242.05,32.15,47.25922534,21
Idaho,2021,6619,4489,1928,147,52,3,0,164.9473684,36.68421053,50.30132552,21
Idaho,2022,6619,4718,1779,74,43,5,0,166.1052632,34.36842105,46.22659779,90
Idaho,2023,6575,5037,1473,22,10,2,31,151,33.36842105,48.30552769,41
Idaho,2024,1746,1432,304,7,3,0,0,85.38888889,29.55555556,44.33962409,25
Illinois,2010,8191,5448,2630,110,3,0,0,110.8,42.44,54.12433929,124
Illinois,2011,7636,5198,2320,101,17,0,0,134.5652174,42.60869565,52.80631722,495
Illinois,2012,7633,4966,2308,315,42,2,0,155.7826087,43,55.54102155,217
Illinois,2013,7361,5481,1844,35,1,0,0,103.4347826,40.86956522,51.57521325,345
Illinois,2014,7177,5203,1935,39,0,0,0,104.6086957,40.91304348,51.43578245,545
Illinois,2015,7266,5119,2121,24,2,0,0,104.5652174,42,51.81363772,1079
Illinois,2016,7353,5249,2025,77,2,0,0,115.3478261,41.43478261,56.34047097,1840
Illinois,2017,7691,5106,2525,59,1,0,0,112.7391304,44.17391304,54.76545512,1294
Illinois,2018,8055,5006,2956,83,10,0,0,124.4347826,44.86956522,52.58799686,1917
Illinois,2019,7746,4938,2776,29,3,0,0,106.0434783,45.17391304,51.35553227,3592
Illinois,2020,7787,5207,2510,62,8,0,0,118.4347826,43.39130435,54.20212663,968
Illinois,2021,7893,4721,3113,57,2,0,0,111.6956522,45.95652174,55.51818986,2681
Illinois,2022,7804,5018,2737,47,2,0,0,113.1304348,44.2173913,52.42931347,1414
Illinois,2023,7907,4387,3152,312,42,14,0,196.0434783,47.65217391,49.97584282,1475
Illinois,2024,3874,2874,987,12,1,0,0,103.3043478,42.82608696,58.28170053,694
Indiana,2010,9150,4284,4710,154,2,0,0,113.3421053,50.84210526,52.44052875,45
Indiana,2011,9166,4547,4401,204,14,0,0,127.972973,49.62162162,53.47865417,185
Indiana,2012,9089,4265,4411,374,33,6,0,143.4166667,49.5,54.5316479,68
Indiana,2013,9411,5365,4015,29,2,0,0,102.3333333,46.91666667,51.48146625,123
Indiana,2014,10127,5647,4405,72,2,1,0,111.5641026,46.87179487,50.6606279,411
Indiana,2015,10336,6320,3964,46,6,0,0,108.2051282,44.76923077,53.95542708,698
Indiana,2016,10029,6619,3306,102,1,1,0,114.6216216,42.62162162,55.16956978,775
Indiana,2017,11148,7917,3175,55,1,0,0,100.5263158,42.47368421,54.64285912,790
Indiana,2018,12401,9014,3270,113,4,0,0,115.8108108,40.56756757,52.96182647,2174
Indiana,2019,12369,9210,3139,20,0,0,0,90.05405405,40.83783784,52.86330993,3369
Indiana,2020,11261,8403,2811,42,5,0,0,104.9411765,40.23529412,53.70435755,759
Indiana,2021,11240,7928,3278,33,1,0,0,102.030303,41.57575758,55.49804816,1565
Indiana,2022,11156,8359,2737,58,1,1,0,111.0606061,40.63636364,53.00608493,1011
Indiana,2023,11543,7729,3543,233,28,10,0,174.1212121,43.72727273,56.77440748,610
Indiana,2024,5744,4383,1350,9,2,0,0,92.33333333,40.78787879,53.14041636,291
Iowa,2009,5236,3246,1959,30,1,0,0,106.5,42.3,48.25704069,3
Iowa,2010,5332,2912,2355,62,3,0,0,107.75,44.1,49.35948155,48
Iowa,2011,5353,2810,2539,4,0,0,0,95.45,47.5,54.04835108,1506
Iowa,2012,5334,2649,2623,61,1,0,0,107.3157895,48.42105263,54.35071839,133
Iowa,2013,5309,2907,2380,22,0,0,0,101.4736842,46.78947368,48.4206616,217
Iowa,2014,5319,2987,2312,20,0,0,0,100.5789474,44.89473684,47.26126931,277
Iowa,2015,5338,3210,2117,9,2,0,0,105.3684211,43.68421053,51.07065826,528
Iowa,2016,5362,3348,2003,9,2,0,0,98.68421053,41.42105263,52.12719656,794
Iowa,2017,4882,2750,2129,3,0,0,0,86.33333333,43.05555556,51.95737958,681
Iowa,2018,4613,2578,2018,17,0,0,0,97.5625,45,50.2274091,1042
Iowa,2019,4610,3131,1477,2,0,0,0,86.25,40.4375,49.56501659,1744
Iowa,2020,4586,3197,1381,5,3,0,0,99.5,40.3125,51.60154242,295
Iowa,2021,4576,2765,1794,14,3,0,0,107.375,44,56.5998662,427
Iowa,2022,4583,3190,1390,3,0,0,0,85.0625,40.75,49.88689648,382
Iowa,2023,4468,2267,2049,117,30,5,0,167.4375,46.75,53.04313834,376
Iowa,2024,2639,1875,763,1,0,0,0,84.5,43,57.01296974,745
Kansas,2015,3420,2784,631,5,0,0,0,97.18181818,33.72727273,59.64187866,1035
Kansas,2016,3461,2947,509,4,1,0,0,104.7272727,33.90909091,62.32737298,853
Kansas,2017,3624,2908,713,2,1,0,0,94.45454545,34.81818182,59.10845853,1115
Kansas,2018,3728,2864,859,4,1,0,0,105.1818182,35.72727273,57.3110952,1227
Kansas,2019,3693,2968,721,3,1,0,0,100.8181818,34.27272727,56.55737756,2026
Kansas,2020,3652,2737,895,18,2,0,0,110.0909091,35,57.86758037,1550
Kansas,2021,3694,2453,1207,31,1,1,1,155.5454545,39.54545455,57.14506398,10838
Kansas,2022,3738,2601,1118,16,2,0,1,145.9090909,38.72727273,55.46758148,747
Kansas,2023,3676,2308,1305,51,12,0,0,142,40.72727273,57.44581036,503
Kansas,2024,880,723,154,2,1,0,0,84.6,34.7,56.76081433,1262
Kentucky,2010,9089,5168,3747,170,4,0,0,116.625,47.1875,56.09343376,38
Kentucky,2011,8712,5300,3264,135,13,0,0,124.9,45.7,58.13883657,93
Kentucky,2012,8570,5174,3044,312,36,4,0,151.1034483,45.17241379,59.73813352,80
Kentucky,2013,8621,6260,2345,16,0,0,0,93.5862069,41.44827586,55.08650636,100
Kentucky,2014,8568,6061,2492,14,1,0,0,96.03448276,41.79310345,56.02428737,171
Kentucky,2015,8458,6011,2399,44,4,0,0,101.9285714,42.60714286,57.69020526,392
Kentucky,2016,8576,5807,2721,44,4,0,0,112.0357143,43.57142857,59.107797,407
Kentucky,2017,8524,6058,2456,10,0,0,0,91.57142857,43.32142857,58.73834116,316
Kentucky,2018,8314,5965,2330,16,3,0,0,101.0740741,41.74074074,56.98998116,1066
Kentucky,2019,8172,6284,1883,5,0,0,0,82.07407407,42.62962963,58.31975852,710
Kentucky,2020,8185,6767,1407,11,0,0,0,87.03846154,38.42307692,57.95781254,1104
Kentucky,2021,8335,6140,2174,20,1,0,0,99.61538462,41.46153846,58.69900385,566
Kentucky,2022,8170,6120,2029,19,2,0,0,97.42307692,41.88461538,56.62259492,141
Kentucky,2023,7965,5574,2282,98,11,0,0,134.72,43.92,58.82725658,125
Kentucky,2024,1896,1619,276,1,0,0,0,63.625,37.41666667,51.65002802,72
Louisiana,2009,7356,4781,2480,85,10,0,0,127.9565217,43.65217391,67.96581209,6
Louisiana,2010,7385,4030,3181,166,8,0,0,128.3043478,47.34782609,68.24235648,46
Louisiana,2011,7443,4058,3172,196,17,0,0,137.7727273,47.31818182,67.60630615,1685
Louisiana,2012,7459,4308,3060,87,4,0,0,124.6818182,45.95454545,68.77493258,247
Louisiana,2013,7495,4898,2558,36,3,0,0,114.6363636,43.40909091,66.85685884,59
Louisiana,2014,7373,4659,2660,52,2,0,0,114.0909091,43.72727273,64.94495173,110
Louisiana,2015,6934,4630,2264,37,3,0,0,108.4545455,41.5,68.87944431,10344
Louisiana,2016,7241,5124,2096,21,0,0,0,97.86363636,41.86363636,66.84990871,413
Louisiana,2017,7233,5198,2010,25,0,0,0,103.9545455,41,70.83123589,208
Louisiana,2018,7259,5192,2028,38,1,0,0,104.1363636,39.90909091,69.43906409,266
Louisiana,2019,7229,5159,2057,13,0,0,0,92.31818182,40.68181818,69.69408135,210
Louisiana,2020,7212,5524,1671,17,0,0,0,100.5454545,38.27272727,70.35101203,184
Louisiana,2021,7108,5355,1737,13,3,0,0,99.90909091,39.31818182,71.7129033,716
Louisiana,2022,7196,5118,2050,27,1,0,0,105.5454545,41.22727273,71.28193667,384
Louisiana,2023,7236,4544,2626,63,3,0,0,118.4545455,44.31818182,71.32424341,175
Louisiana,2024,3514,2648,845,19,2,0,0,112.1818182,40.54545455,69.43217927,71
Maine,2009,3191,2962,212,15,2,0,0,121.1818182,32.63636364,47.27287609,4
Maine,2010,3687,3213,448,19,7,0,0,126,35.66666667,49.68067691,20
Maine,2011,3287,2772,499,13,3,0,0,105.1666667,35.25,46.62034735,54
Maine,2012,3291,2881,401,9,0,0,0,95.90909091,35.63636364,45.66666581,389
Maine,2013,3373,2916,433,24,0,0,0,117.4545455,36.18181818,47.42231521,44
Maine,2014,3306,2804,496,6,0,0,0,93.54545455,36,47.74374914,203
Maine,2015,3394,2673,713,8,0,0,0,99.83333333,36.75,44.28116637,62
Maine,2016,3624,3067,551,5,1,0,0,99.81818182,34.81818182,46.10483949,226
Maine,2017,3556,2956,585,13,2,0,0,122.0909091,36.36363636,45.44988201,430
Maine,2018,3320,2863,450,5,1,1,0,116,37.2,46.66790819,440
Maine,2019,3320,2951,365,3,1,0,0,94.7,35.6,45.47685362,858
Maine,2020,3111,2816,293,1,0,1,0,90.8,35.5,47.92436727,259
Maine,2021,3228,2868,345,14,1,0,0,121.5,34.9,53.26794571,1117
Maine,2022,3358,3072,280,6,0,0,0,92.90909091,33.90909091,45.5508055,618
Maine,2023,3665,3112,547,6,0,0,0,94.63636364,36.63636364,49.62806814,134
Maine,2024,2239,2014,223,2,0,0,0,84.54545455,36.18181818,50.75834054,309
Maryland,2010,4741,2453,1984,258,44,2,0,173.4375,49.1875,55.27358226,58
Maryland,2011,4569,2343,1996,183,44,3,0,166.1333333,49,55.02831889,120
Maryland,2012,4700,2452,2004,198,42,4,0,180.5333333,49,56.73913004,162
Maryland,2013,4688,2961,1685,42,0,0,0,116.8666667,45.4,53.55198171,166
Maryland,2014,4970,2957,1990,23,0,0,0,107.375,46.5625,53.23893241,182
Maryland,2015,5047,2943,2045,56,3,0,0,125,46.875,55.82790259,341
Maryland,2016,5082,3273,1715,86,7,1,0,131.0625,44.9375,56.24036961,575
Maryland,2017,5215,3560,1601,50,4,0,0,117.75,44.125,55.55277344,1101
Maryland,2018,5190,3618,1517,53,2,0,0,122.25,42.9375,54.53536036,904
Maryland,2019,5190,3869,1275,46,0,0,0,109.0625,42.5625,55.31840262,1257
Maryland,2020,5190,4518,666,6,0,0,0,88.5,38.0625,55.66392921,953
Maryland,2021,5196,3910,1247,39,0,0,0,110.8125,41.25,57.56649132,789
Maryland,2022,5185,4151,1026,8,0,0,0,98.3125,41,54.25694048,570
Maryland,2023,5197,3874,1230,60,32,1,0,168.5625,42.4375,55.83987573,397
Maryland,2024,2205,1800,397,8,0,0,0,88.6875,38.875,52.50333506,330
Massachusetts,2009,3824,2427,1337,59,1,0,0,130.6666667,42.16666667,48.40742102,3
Massachusetts,2010,3923,2563,1284,69,7,0,0,145.4166667,43,52.01089795,50
Massachusetts,2011,3957,2379,1523,47,7,1,0,142.6666667,45.41666667,51.08404092,118
Massachusetts,2012,3890,2544,1267,71,8,0,0,147.1666667,43.08333333,50.99489329,548
Massachusetts,2013,4095,2708,1341,45,1,0,0,120.3333333,42.66666667,50.50540722,64
Massachusetts,2014,4698,3189,1505,4,0,0,0,95.46153846,42.92307692,50.96026768,156
Massachusetts,2015,4578,3298,1254,25,1,0,0,119.0769231,40.07692308,50.95902006,130
Massachusetts,2016,4719,3834,854,29,2,0,0,121.3076923,38.61538462,52.53385662,229
Massachusetts,2017,4703,3641,1022,37,3,0,0,129.7692308,40.30769231,51.58522585,469
Massachusetts,2018,4720,3538,1147,35,0,0,0,117.2307692,40.15384615,51.30766693,447
Massachusetts,2019,4714,3737,972,5,0,0,0,96.15384615,40.76923077,49.7319859,1106
Massachusetts,2020,4733,3678,1049,6,0,0,0,95.69230769,40.30769231,52.1977877,276
Massachusetts,2021,4717,3495,1200,21,1,0,0,121.8461538,40,52.14664137,1045
Massachusetts,2022,4729,3663,1054,12,0,0,0,104.1538462,40.53846154,52.80028543,694
Massachusetts,2023,4736,3524,1154,52,6,0,0,132.9230769,40.92307692,52.46827231,294
Massachusetts,2024,2357,2102,249,6,0,0,0,97.30769231,37.84615385,46.92276886,363
Michigan,2009,6616,4852,1690,70,4,0,0,122.5862069,40.17241379,47.22089269,1
Michigan,2010,6743,4866,1775,99,3,0,0,119.6785714,40.25,49.92684271,168
Michigan,2011,6862,5007,1677,156,22,0,0,140.9642857,39.85714286,48.57797985,591
Michigan,2012,6934,4508,1913,452,55,6,0,163.4642857,42.60714286,51.06146657,234
Michigan,2013,6929,5039,1828,61,1,0,0,112.3928571,40.17857143,47.94202853,537
Michigan,2014,7658,5100,2487,70,1,0,0,111.3928571,42.57142857,45.661478,1168
Michigan,2015,7715,5273,2375,64,3,0,0,116.8571429,42.03571429,48.55216611,2177
Michigan,2016,7682,5576,1939,165,2,0,0,123.6071429,39.78571429,50.47875826,1190
Michigan,2017,8315,6272,1996,47,0,0,0,104.5357143,39.35714286,49.81360872,13098
Michigan,2018,8168,6191,1872,99,6,0,0,121.75,38.35714286,48.56117128,105338
Michigan,2019,8134,6529,1582,23,0,0,0,91.53571429,37.10714286,45.59495318,13649
Michigan,2020,8054,6483,1470,94,7,0,0,126.8888889,35.51851852,50.76730506,1634
Michigan,2021,8243,5678,2506,59,0,0,0,107.7407407,40.07407407,55.39940527,2952
Michigan,2022,8132,5935,2126,60,10,0,1,144.037037,39.14814815,48.75085661,1574
Michigan,2023,8215,5340,2654,177,37,7,0,167.7407407,42.25925926,50.33373128,1296
Michigan,2024,2005,1523,479,1,2,0,0,75.28,39.04,47.79007019,875
Minnesota,2009,5902,3968,1905,28,1,0,0,104.047619,39.38095238,39.65879707,1
Minnesota,2010,5975,4063,1872,40,0,0,0,107.5238095,38.85714286,43.05537332,353
Minnesota,2011,5932,4177,1731,23,1,0,0,101.3809524,39,42.64059735,833
Minnesota,2012,6199,4384,1794,20,1,0,0,102.1904762,38.19047619,37.34632119,151
Minnesota,2013,6116,4499,1612,5,0,0,0,89.4,38,29.746464,381
Minnesota,2014,6570,4982,1582,6,0,0,0,93.52380952,36.61904762,23.52661072,1166
Minnesota,2015,6655,5286,1347,21,1,0,0,110.7619048,36.0952381,24.88217917,1989
Minnesota,2016,6709,5730,967,11,1,0,0,103.35,32.05,45.91811671,2059
Minnesota,2017,6773,5392,1380,1,0,0,0,87.25,35.6,45.38832544,2082
Minnesota,2018,6923,5249,1660,14,0,0,0,100.4285714,37.0952381,43.46962478,2139
Minnesota,2019,6933,5715,1211,6,1,0,0,97.80952381,33.19047619,27.86906987,5050
Minnesota,2020,6927,5883,1035,7,2,0,0,95.57142857,33.28571429,40.36364569,2643
Minnesota,2021,6881,5043,1744,59,29,6,0,165.047619,37,58.93664552,3133
Minnesota,2022,6712,5733,975,2,2,0,0,83.52380952,33.71428571,29.82316168,2164
Minnesota,2023,6986,4454,2334,164,33,1,0,167.5714286,41.38095238,48.91794896,1516
Minnesota,2024,1685,1407,277,1,0,0,0,66.2,33.5,41.2976183,1781
Mississippi,2011,3800,1878,1889,33,0,0,0,107.5384615,49.23076923,66.82375601,127
Mississippi,2012,3435,1937,1457,39,2,0,0,118.6363636,47.36363636,67.11695669,125
Mississippi,2013,3116,2296,814,6,0,0,0,98.8,40.9,69.77276909,33
Mississippi,2014,3073,2154,902,16,1,0,0,103.3,41.7,64.38391713,46
Mississippi,2015,3252,2362,888,2,0,0,0,87.81818182,40.18181818,68.14622873,157
Mississippi,2016,3166,2410,755,1,0,0,0,86,41.54545455,70.32473765,60
Mississippi,2017,3235,2449,784,2,0,0,0,78.72727273,40.09090909,68.34128286,214
Mississippi,2018,3393,2261,1119,12,1,0,0,105.5454545,42.54545455,67.98249509,271
Mississippi,2019,3378,2271,1105,2,0,0,0,92.3,43.7,67.74203496,201
Mississippi,2020,3357,2266,1089,2,0,0,0,82.8,42.9,67.93066053,215
Mississippi,2021,3376,2304,1071,1,0,0,0,85.4,42.5,67.43397501,343
Mississippi,2022,3374,2260,1104,10,0,0,0,100.3,43.9,67.17826042,152
Mississippi,2023,3374,1857,1495,22,0,0,0,112.7,48.1,69.27953877,207
Mississippi,2024,835,661,174,0,0,0,0,72.3,39.6,65.4705089,28
Missouri,2009,5961,3802,2108,49,2,0,0,114.1428571,43.14285714,55.08229771,6
Missouri,2010,6067,3328,2594,139,6,0,0,126.4285714,47.33333333,51.21513735,102
Missouri,2011,6122,3401,2517,187,17,0,0,137.2857143,48.33333333,46.39695701,327
Missouri,2012,6043,3020,2625,352,46,0,0,149.8571429,49,54.63744672,355
Missouri,2013,6105,3836,2234,34,1,0,0,109.3809524,45.38095238,55.29139733,513
Missouri,2014,6104,3957,2104,43,0,0,0,107.2857143,43.80952381,54.87631927,550
Missouri,2015,6061,4168,1866,25,2,0,0,103.0952381,42.42857143,58.01681606,1300
Missouri,2016,6096,4567,1492,35,2,0,0,104.952381,40.80952381,59.4857695,1163
Missouri,2017,6368,4611,1738,18,1,0,0,99.19047619,42.76190476,58.55199856,1328
Missouri,2018,6190,4427,1713,49,1,0,0,109.8571429,41.23809524,56.3148681,11927
Missouri,2019,6182,4727,1440,14,1,0,0,91.76190476,40.76190476,55.36353259,1284
Missouri,2020,6146,4859,1261,24,2,0,0,104.2380952,37.9047619,56.72898519,1409
Missouri,2021,6165,4680,1453,30,2,0,0,106.8571429,39.95238095,56.99117358,1701
Missouri,2022,6177,4645,1505,27,0,0,0,97.9047619,41.28571429,55.91777767,869
Missouri,2023,6132,4028,1933,162,9,0,0,136.8095238,43.95238095,57.68860071,787
Missouri,2024,1269,1041,224,3,1,0,0,70.78947368,38.68421053,41.62081762,287
Montana,2013,5677,4338,1291,41,7,0,0,93.36842105,32,44.69632135,1
Montana,2014,5792,4461,1291,37,3,0,0,112.7368421,31.68421053,44.09794786,6
Montana,2015,5848,4338,1344,86,72,8,0,180.5263158,32.94736842,45.31781173,1
Montana,2016,5851,4679,1115,51,5,0,1,123.6842105,30.68421053,45.81138335,32
Montana,2018,5873,4305,1465,77,26,0,0,142.4736842,33.94736842,42.65175076,7
Montana,2019,5791,4697,1082,10,2,0,0,98.63157895,30.73684211,40.47506715,5
Montana,2020,5794,4558,1136,52,41,5,2,159.3684211,29.57894737,44.06707126,22
Montana,2021,5861,4034,1596,180,50,1,0,153.6315789,34.47368421,46.72288099,14
Montana,2022,6200,4897,1230,47,24,2,0,129.75,30.75,42.86511734,10
Montana,2023,7039,5283,1639,73,41,3,0,165.6521739,30.39130435,44.91729632,26
Montana,2024,1812,1508,303,1,0,0,0,69.10526316,30.84210526,39.57521885,1
Nebraska,2010,2313,1757,542,13,1,0,0,102,34,66.79761906,13
Nebraska,2011,2406,1733,668,5,0,0,0,89.54545455,34.72727273,65.0302711,175
Nebraska,2012,2436,1610,796,29,1,0,0,97.63636364,37.90909091,64.26964296,26
Nebraska,2013,2259,1721,532,6,0,0,0,84.90909091,31.90909091,54.3566096,124
Nebraska,2014,2215,1766,446,3,0,0,0,84.09090909,30.09090909,52.26132197,209
Nebraska,2015,2299,1820,476,3,0,0,0,85.72727273,30.72727273,53.76742009,382
Nebraska,2016,2128,1739,384,5,0,0,0,81.1,29.6,55.05061479,372
Nebraska,2017,2140,1578,561,1,0,0,0,90.66666667,34.55555556,54.49327862,543
Nebraska,2018,2154,1676,474,4,0,0,0,83.55555556,33,51.58474128,512
Nebraska,2019,2141,1846,295,0,0,0,0,70.66666667,29.44444444,51.05648404,513
Nebraska,2020,2528,2110,412,5,1,0,0,99.55555556,30.22222222,53.49115072,204
Nebraska,2021,2785,2183,586,16,0,0,0,107,34.3,59.19801547,291
Nebraska,2022,3039,2710,328,1,0,0,0,81.6,26.8,52.59730172,325
Nebraska,2023,3069,2322,693,43,10,1,0,158.8888889,33.88888889,54.79269376,316
Nebraska,2024,1405,1190,214,1,0,0,0,81,28,50.83248014,256
Nevada,2010,2918,2316,562,40,0,0,0,98.6,33.1,51.05057277,2
Nevada,2011,3001,2296,641,62,2,0,0,110.9,33.5,56.77819338,25
Nevada,2012,2580,1674,807,85,6,0,8,182.9,36.7,56.9797178,26
Nevada,2013,2895,1895,885,68,22,10,15,219.6,39.2,53.87423389,7
Nevada,2014,2951,1983,923,34,6,0,5,219.4444444,42.88888889,59.62867793,26
Nevada,2015,3027,2113,862,48,4,0,0,134,41.66666667,58.76454112,63
Nevada,2016,3209,2387,783,37,0,1,1,150.3333333,38.55555556,58.44219278,212
Nevada,2017,3228,2346,832,45,4,1,0,146.6666667,39.55555556,58.87284799,35
Nevada,2018,3217,2280,828,101,6,2,0,143.1111111,38.44444444,58.7159697,15
Nevada,2019,3252,2625,620,7,0,0,0,95.22222222,35.44444444,56.4908415,9
Nevada,2020,3273,2440,726,63,35,8,1,211.4444444,39.11111111,58.96914884,2
Nevada,2021,3186,2178,848,91,47,20,2,198.3333333,41.44444444,59.39724215,18
Nevada,2022,3223,2409,750,36,18,8,2,210.6666667,40.11111111,57.66666567,44
Nevada,2023,3245,2399,813,32,1,0,0,107,40.44444444,56.29873275,24
Nevada,2024,909,781,123,5,0,0,0,71.66666667,33.22222222,57.46123467,24
New Hampshire,2009,2148,1692,444,12,0,0,0,108.8571429,37.28571429,62.97811962,4
New Hampshire,2010,2271,1738,509,23,1,0,0,124.1428571,40,59.90847165,20
New Hampshire,2011,2269,1621,636,10,2,0,0,118,41,49.07372963,95
New Hampshire,2012,2281,1719,544,18,0,0,0,115.4285714,40.71428571,50.12094452,486
New Hampshire,2013,2282,1670,603,9,0,0,0,103.2857143,40.57142857,47.66611261,29
New Hampshire,2014,2335,1717,610,8,0,0,0,106.4285714,40.85714286,48.61839508,135
New Hampshire,2015,2389,1837,539,12,1,0,0,119.2857143,40.28571429,49.89539105,34
New Hampshire,2016,2444,2101,333,10,0,0,0,99.85714286,37.28571429,51.03132303,160
New Hampshire,2017,2487,2141,340,5,1,0,0,104.8571429,37.14285714,48.72536838,332
New Hampshire,2018,2227,1912,309,6,0,0,0,95.71428571,38,49.12781737,416
New Hampshire,2019,2310,2138,171,1,0,0,0,77.28571429,36.28571429,49.06055743,1433
New Hampshire,2020,2402,2180,222,0,0,0,0,77.28571429,37.57142857,51.68358075,285
New Hampshire,2021,2398,2054,332,12,0,0,0,124,37.42857143,53.26086549,503
New Hampshire,2022,2389,2149,238,2,0,0,0,86.57142857,37.14285714,51.52894171,392
New Hampshire,2023,2400,1970,418,12,0,0,0,112.1428571,39.14285714,51.85552748,122
New Hampshire,2024,639,609,30,0,0,0,0,53.71428571,36.57142857,47.48676536,180
New Jersey,2009,5845,3747,2037,61,0,0,0,114.4705882,41.52941176,51.4249591,3
New Jersey,2010,5551,3426,1870,218,36,1,0,161.8125,44.25,53.53496195,129
New Jersey,2011,5598,3360,2061,147,30,0,0,158,45.5,54.77170005,692
New Jersey,2012,5397,3331,1858,186,22,0,0,146.75,44.5625,54.84345596,657
New Jersey,2013,5418,3701,1669,45,3,0,0,122.9375,42.375,52.57920672,143
New Jersey,2014,5444,3782,1615,45,2,0,0,124.625,43.0625,49.91456907,624
New Jersey,2015,5465,3708,1648,105,4,0,0,132.8125,42.375,48.95847552,832
New Jersey,2016,5511,3472,1954,79,6,0,0,137.5625,44.375,55.37045721,804
New Jersey,2017,5589,3738,1795,56,0,0,0,115.625,42.9375,54.43359279,1413
New Jersey,2018,5505,3591,1839,67,8,0,0,140.1875,42.9375,53.36254172,2031
New Jersey,2019,5514,3703,1786,25,0,0,0,114.5625,43.5,57.38320555,1316
New Jersey,2021,5535,3786,1704,44,1,0,0,119.6875,42.375,55.87957931,1202
New Jersey,2023,5290,3460,1722,59,40,9,0,212.1333333,43.73333333,55.67011365,573
New Mexico,2009,4982,3979,980,21,2,0,0,88.16666667,31.77777778,62.09070746,2
New Mexico,2010,4940,3771,1132,26,3,2,6,143.1666667,32.38888889,61.46434409,3
New Mexico,2011,4914,3314,1498,87,6,2,7,178.8333333,35.22222222,61.79282379,31
New Mexico,2012,4903,3480,1325,83,3,3,9,246.8888889,35.33333333,61.99571906,6
New Mexico,2013,4935,3548,1298,66,13,2,8,140.6666667,35.5,62.4362014,94
New Mexico,2014,4813,3733,1048,23,5,3,1,112.7058824,35.29411765,63.00315597,128
New Mexico,2015,4530,3527,984,17,2,0,0,90.5,32.125,62.90217748,106
New Mexico,2016,4556,3560,973,18,4,0,1,121.75,32.25,63.53417354,849
New Mexico,2017,4564,3231,1262,64,4,0,3,136.1875,33.6875,63.40110609,484
New Mexico,2018,4570,3078,1373,111,8,0,0,110.1875,35.6875,57.954512,297
New Mexico,2019,4529,3257,1218,44,5,2,3,154.5625,33.3125,59.90249749,254
New Mexico,2020,4564,3417,1092,46,4,2,3,129.5,33.8125,61.25090889,68
New Mexico,2021,4540,3204,1234,86,12,1,3,173.0625,35.125,61.19899038,596
New Mexico,2022,4536,3308,1110,102,7,4,5,210.125,33.75,59.56005387,142
New Mexico,2023,4529,3334,1144,45,5,1,0,109.6875,33.6875,60.78952823,34
New Mexico,2024,1130,924,180,19,2,1,4,167.6363636,36,58.28668211,15
New York,2009,11977,8966,2923,85,3,0,0,118.3142857,39.11428571,48.59216827,4
New York,2010,12152,8844,3082,210,15,1,0,130.5,39.91176471,49.59274081,292
New York,2011,11755,8562,3061,112,19,1,0,130.7647059,40.47058824,48.76754887,779
New York,2012,11416,8423,2788,192,13,0,0,125.4242424,39.42424242,46.00894522,1046
New York,2013,10276,7943,2289,41,3,0,0,106.7241379,38.68965517,50.41669906,352
New York,2014,10306,8078,2201,25,2,0,0,103.9655172,38.4137931,47.11096502,1320
New York,2015,10215,7728,2409,78,0,0,0,111.9655172,38.96551724,40.83071048,898
New York,2016,10201,8225,1885,89,2,0,0,119.4137931,37.4137931,50.11319685,854
New York,2017,10178,8397,1735,43,3,0,0,102.0344828,37.27586207,52.93906743,3225
New York,2018,9799,7850,1855,88,5,1,0,122.9285714,37,50.5203043,2394
New York,2019,9710,8218,1470,22,0,0,0,85.79310345,37.10344828,46.34048891,3333
New York,2020,9642,8270,1353,17,2,0,0,91.92592593,36,50.61694245,1415
New York,2021,9726,7866,1797,57,6,0,0,122.1111111,37.62962963,51.85022091,2296
New York,2022,9682,8093,1563,26,0,0,0,96.77777778,37.33333333,50.36698766,1681
New York,2023,9733,7595,1986,91,54,7,0,174,38.33333333,52.1111419,720
New York,2024,4536,3906,604,25,1,0,0,101,36.92307692,38.763668,635
North Carolina,2010,12640,6519,5868,242,11,0,0,120.8666667,48.84444444,58.02979113,101
North Carolina,2011,12549,6749,5571,214,15,0,0,120.6,48.53333333,58.92202654,465
North Carolina,2012,12812,7945,4710,135,20,2,0,130.2666667,45.4,58.86526066,561
North Carolina,2013,12952,9033,3904,14,1,0,0,92.65217391,42,56.81596342,240
North Carolina,2014,13096,8374,4708,14,0,0,0,91.91304348,44.5,57.63963514,595
North Carolina,2015,12113,8302,3790,21,0,0,0,88.88636364,43.18181818,58.27426037,675
North Carolina,2016,10643,7697,2870,59,17,0,0,115.7222222,42.30555556,60.62610968,1117
North Carolina,2017,11192,8369,2818,5,0,0,0,87.30555556,41.94444444,60.60142998,1284
North Carolina,2018,10601,7911,2676,14,0,0,0,91.22222222,40.86111111,59.23240289,1607
North Carolina,2019,10749,7949,2787,13,0,0,0,84.61111111,42.08333333,60.16584785,1414
North Carolina,2020,11146,9513,1627,6,0,0,0,79.77777778,36.36111111,59.81039365,916
North Carolina,2021,11095,8533,2553,9,0,0,0,91.22222222,40.25,59.74809454,1503
North Carolina,2022,10979,8645,2321,13,0,0,0,92.8,40.37142857,61.30071109,592
North Carolina,2023,11056,7988,3003,64,1,0,0,111.8,42.22857143,63.45163951,877
North Carolina,2024,3563,2853,706,4,0,0,0,84.52941176,39.70588235,62.77152213,208
North Dakota,2010,2737,2225,511,1,0,0,0,87.77777778,36.44444444,37.26952938,12
North Dakota,2011,2771,2220,550,0,0,1,0,97.875,40,42.30302677,108
North Dakota,2012,2913,2306,607,0,0,0,0,80.75,39.625,45.17098216,1
North Dakota,2013,3271,2678,592,1,0,0,0,82.88888889,39.44444444,39.96367806,23
North Dakota,2014,3266,2873,385,7,0,1,0,117.6666667,36.33333333,39.99331449,116
North Dakota,2015,3643,2995,587,46,15,0,0,152.5,35.5,44.75962824,21
North Dakota,2016,3627,3402,223,2,0,0,0,93.4,30.9,45.1423097,53
North Dakota,2017,3930,3316,597,11,5,1,0,142.7272727,35,43.64445161,34
North Dakota,2018,3596,2928,654,12,2,0,0,110,37.4,41.47372772,30
North Dakota,2019,3644,3271,371,1,1,0,0,88.2,34.9,39.34586696,279
North Dakota,2020,3288,2986,302,0,0,0,0,72,35.44444444,43.63125073,67
North Dakota,2021,3268,2451,713,67,36,1,0,180.4444444,38.44444444,45.7864681,15
North Dakota,2022,3237,2675,561,1,0,0,0,84.55555556,38.11111111,40.94444923,29
North Dakota,2023,3273,2188,933,97,47,5,3,277.6666667,42.22222222,43.91006851,8
North Dakota,2024,1638,1500,130,8,0,0,0,112.1111111,37.33333333,42.67577552,157
Ohio,2010,11917,5627,5877,396,17,0,0,134.25,49.2,45.14373041,59
Ohio,2011,11665,6108,5178,353,26,0,0,134.8974359,46.20512821,54.26382487,414
Ohio,2012,11510,5465,5491,483,68,3,0,162.8947368,48.60526316,55.72819186,331
Ohio,2013,11390,6743,4576,69,2,0,0,111.3157895,44.26315789,54.37717869,232
Ohio,2014,11389,6808,4496,84,1,0,0,110.2105263,44.52631579,52.9059129,401
Ohio,2015,11628,7414,4116,97,1,0,0,109.0769231,42.69230769,54.26424168,2720
Ohio,2016,11928,8006,3785,137,0,0,0,110.2051282,41.66666667,55.33939895,926
Ohio,2017,12289,8749,3484,55,1,0,0,106.1025641,40.51282051,54.35102106,1103
Ohio,2018,12381,8555,3724,100,2,0,0,108.25,40.125,48.3172542,2205
Ohio,2019,12396,8700,3660,36,0,0,0,93.2,40.5,53.33211613,1988
Ohio,2020,12266,9464,2739,60,3,0,0,101.5,37.825,53.66701135,1317
Ohio,2021,11949,8085,3819,44,1,0,0,99.17948718,40.51282051,54.44584684,2495
Ohio,2022,11488,8267,3154,63,4,0,0,112.974359,40,51.84139312,1128
Ohio,2023,11435,7409,3805,162,47,12,0,170.2432432,43.78378378,57.54325279,1013
Ohio,2024,5725,4020,1664,41,0,0,0,99.91891892,42.54054054,56.17795834,584
Oklahoma,2009,7023,4317,2638,64,4,0,0,115.2380952,44.23809524,58.24691529,1
Oklahoma,2010,7726,4963,2716,46,1,0,0,109.125,43.41666667,56.56527721,56
Oklahoma,2011,7545,4091,2992,440,22,0,0,146.173913,47.60869565,62.01520508,376
Oklahoma,2012,7100,4010,2751,315,23,1,0,143.4545455,46.18181818,63.6016023,129
Oklahoma,2013,7052,4659,2314,79,0,0,0,110.6956522,42.60869565,58.65348715,330
Oklahoma,2014,7350,5121,2200,28,1,0,0,106.3636364,41.63636364,57.15285744,313
Oklahoma,2015,6972,5190,1774,7,1,0,0,97.04347826,38.60869565,61.64761236,586
Oklahoma,2016,8017,6331,1673,12,1,0,0,93,38.12,62.91769018,1487
Oklahoma,2017,8180,6028,2125,26,1,0,0,92.81481481,39.25925926,59.14872922,4026
Oklahoma,2018,7863,5408,2377,75,3,0,0,122.88,41.52,59.5173057,2357
Oklahoma,2019,6564,4639,1914,10,1,0,0,95.18181818,39.45454545,60.33800691,1661
Oklahoma,2020,6039,4307,1714,16,2,0,0,111.1666667,41.61111111,61.57141758,2339
Oklahoma,2021,6421,4035,2309,71,6,0,0,124.1,44.8,63.24798775,12784
Oklahoma,2022,6476,4137,2256,73,9,1,0,130.9047619,44.71428571,62.78230812,2031
Oklahoma,2023,6580,3805,2669,102,4,0,0,129.952381,47.0952381,63.35239504,2147485720
Oklahoma,2024,2406,1612,770,21,3,0,0,108.2,44.5,64.36901144,1308
Oregon,2009,8551,5799,2649,86,16,1,0,127.2916667,37.5,51.66319544,1
Oregon,2010,8586,6575,1986,22,3,0,0,109.4166667,31.41666667,51.45976388,1
Oregon,2011,8209,6011,2102,85,10,1,0,119.28,31.72,50.1901691,14
Oregon,2012,8270,6109,2095,47,12,3,4,147.3333333,33.75,52.17467201,2
Oregon,2013,8288,5393,2704,138,44,7,2,142.4583333,39.45833333,51.79722206,1
Oregon,2014,7947,5914,1955,64,14,0,0,128.4782609,34.08695652,53.83668919,8
Oregon,2015,7957,5738,2062,103,50,3,1,171.6086957,35.39130435,54.49291453,47
Oregon,2016,7556,6151,1397,7,1,0,0,92.5,30,41.45191049,47
Oregon,2017,7903,5486,2103,171,105,30,8,242.3913043,35.08695652,53.50854502,40
Oregon,2018,7878,5521,2106,140,94,17,0,171.5217391,36.56521739,52.54194968,11
Oregon,2019,8292,6162,2083,40,7,0,0,107.75,33.08333333,53.13470468,10
Oregon,2020,8300,5986,2031,69,77,46,91,671.0869565,33.69565217,52.9104259,25
Oregon,2021,8310,6103,1966,112,109,19,1,172.6086957,34.13043478,52.59912987,42
Oregon,2022,7677,5416,2136,60,43,11,11,157.5217391,33.56521739,51.51228691,124
Oregon,2023,7583,5459,1978,70,48,24,4,197.6190476,35.38095238,51.90849647,97
Oregon,2024,1898,1546,352,0,0,0,0,68,31.14285714,49.86467495,19
Pennsylvania,2009,11822,6633,5058,126,5,0,0,113.75,45.61111111,56.78730052,1
Pennsylvania,2010,12054,6194,5368,446,46,0,0,150.5833333,48.69444444,59.46065947,201
Pennsylvania,2011,12764,6677,5774,289,24,0,0,135.4324324,48.62162162,60.31846799,573
Pennsylvania,2012,13192,6774,5953,427,38,0,0,147.5675676,48.54054054,58.56858912,898
Pennsylvania,2013,13673,7822,5682,165,4,0,0,124.5,46.92105263,56.50040636,575
Pennsylvania,2014,13652,7827,5715,106,4,0,0,111.3421053,47.23684211,54.24630781,836
Pennsylvania,2015,13360,7562,5632,160,6,0,0,118.2432432,46.97297297,55.9910421,1306
Pennsylvania,2016,13345,8076,5111,156,1,1,0,126.6756757,45.56756757,57.45993184,1208
Pennsylvania,2017,13371,7851,5443,74,3,0,0,106.3243243,46.16216216,53.93154321,1736
Pennsylvania,2018,13621,9248,4278,90,5,0,0,111.7692308,41.79487179,53.17235485,1936
Pennsylvania,2019,14075,10112,3897,59,7,0,0,103.175,42.05,53.48757787,2599
Pennsylvania,2020,14280,10802,3434,43,1,0,0,98.75,40.425,54.66021787,1211
Pennsylvania,2021,13728,8765,4874,84,5,0,0,120.65,43.6,54.96524507,7237
Pennsylvania,2022,13184,8874,4263,45,2,0,0,100.375,43.275,53.44540112,932
Pennsylvania,2023,12690,8150,4306,137,64,29,4,202.1842105,43.71052632,54.87059314,853
Pennsylvania,2024,4930,3991,933,6,0,0,0,81.29411765,33.26470588,51.31526577,407
Rhode Island,2009,869,641,220,8,0,0,0,115.3333333,40,50.80173587,1
Rhode Island,2010,930,670,239,19,2,0,0,143.3333333,41.33333333,53.25475483,5
Rhode Island,2011,944,633,292,19,0,0,0,140,42.66666667,52.41466592,7
Rhode Island,2012,1028,710,290,25,3,0,0,161.6666667,43,53.65878844,58
Rhode Island,2013,1087,757,309,20,1,0,0,154,43.66666667,51.15401623,11
Rhode Island,2014,1093,855,235,3,0,0,0,106.3333333,40.33333333,50.27844667,32
Rhode Island,2015,1083,720,348,12,3,0,0,163.3333333,44.66666667,51.09205645,44
Rhode Island,2016,1081,799,269,12,1,0,0,146,40.66666667,52.56606561,43
Rhode Island,2017,1076,853,209,13,1,0,0,144.6666667,37.33333333,51.89863192,173
Rhode Island,2018,1080,817,244,19,0,0,0,134,39.33333333,52.0107709,159
Rhode Island,2019,1068,864,202,2,0,0,0,103,39.33333333,50.19258303,199
Rhode Island,2020,1090,879,206,4,1,0,0,133,38,53.71524646,53
Rhode Island,2021,1081,838,234,9,0,0,0,139.6666667,38.33333333,53.23222099,634
Rhode Island,2022,1079,910,164,4,1,0,0,124,36.66666667,52.62457943,193
Rhode Island,2023,1077,791,268,18,0,0,0,130.3333333,42,53.41117368,32
Rhode Island,2024,367,348,19,0,0,0,0,54.66666667,34.66666667,46.63736527,20
South Carolina,2009,6377,4761,1609,7,0,0,0,85.6,39.4,41.45,4
South Carolina,2010,6510,4424,2025,61,0,0,0,111.1,43.15,62.5454032,47
South Carolina,2011,5910,3583,2244,79,4,0,0,120,45.9,75.17355848,267
South Carolina,2012,5119,3341,1753,23,2,0,0,109.4210526,43.68421053,69.40654358,215
South Carolina,2013,5371,3988,1381,2,0,0,0,84.47368421,39.52631579,66.69055486,228
South Carolina,2014,5415,3706,1706,2,1,0,0,89.78947368,42.10526316,67.07134357,132
South Carolina,2015,5611,4358,1249,4,0,0,0,84.89473684,39.26315789,70.13700081,415
South Carolina,2016,5880,4417,1429,23,10,1,0,117.6,40.5,70.07342618,299
South Carolina,2017,5808,4570,1232,6,0,0,0,84.52631579,38.36842105,65.75677195,803
South Carolina,2018,5114,3990,1119,5,0,0,0,83.38888889,37.72222222,64.59951715,376
South Carolina,2019,4256,2998,1248,10,0,0,0,82.38888889,38.22222222,65.62012141,424
South Carolina,2020,4470,3670,793,7,0,0,0,89.92857143,37.5,68.47147776,505
South Carolina,2021,4558,3326,1228,4,0,0,0,91.57142857,41.21428571,61.41730206,817
South Carolina,2022,4503,3301,1201,1,0,0,0,87.85714286,41.71428571,66.33749569,312
South Carolina,2023,4489,2932,1539,18,0,0,0,105.6428571,44.28571429,65.26335672,603
South Carolina,2024,2308,1583,721,4,0,0,0,101,44.53846154,66.40882166,463
South Dakota,2010,3037,2400,632,4,1,0,0,107.1111111,38.22222222,49.37529691,13
South Dakota,2011,3006,2431,572,3,0,0,0,87.55555556,36.88888889,48.81360729,17
South Dakota,2012,3040,2014,1010,15,1,0,0,106,42.88888889,50.29791627,31
South Dakota,2013,3020,2136,883,1,0,0,0,90.55555556,42.33333333,44.6286818,137
South Dakota,2014,3026,2533,490,3,0,0,0,91.33333333,36.33333333,48.57805843,133
South Dakota,2015,3387,2621,749,16,1,0,0,120.4,38.2,45.83593776,158
South Dakota,2016,3396,2955,435,6,0,0,0,90.8,33.5,52.28511585,114
South Dakota,2017,3395,2834,551,8,2,0,0,108.4,35.1,50.60378891,191
South Dakota,2018,3392,2759,619,13,0,0,1,134.3,35.8,42.96310085,273
South Dakota,2019,3386,2937,439,10,0,0,0,90.4,33.5,47.27075898,72
South Dakota,2020,3645,3093,548,4,0,0,0,96.1,35.4,45.96289657,27
South Dakota,2021,3516,2750,719,29,11,7,0,210.2,35.4,49.91472447,77
South Dakota,2022,3625,3096,523,6,0,0,0,95,34.4,38.97380422,37
South Dakota,2023,3640,2701,831,78,28,2,0,174.2,39.1,26.88138083,23
Tennessee,2010,6601,4208,2184,207,2,0,0,114.8333333,42.83333333,52.98566999,28
Tennessee,2011,6820,4540,2111,160,9,0,0,116.375,41.75,56.50684012,40
Tennessee,2012,6257,4151,1911,168,24,3,0,139.6956522,42.30434783,58.99375104,152
Tennessee,2013,6649,4684,1955,10,0,0,0,87.96,43,56.02480116,237
Tennessee,2014,6503,4492,1999,12,0,0,0,92.20833333,42.83333333,55.41229421,191
Tennessee,2015,6216,4559,1645,12,0,0,0,90.625,41.20833333,57.47414462,377
Tennessee,2016,5746,4127,1570,39,10,0,0,113.4583333,41,58.27276524,370
Tennessee,2017,6959,5066,1884,8,1,0,0,90.86956522,41.91304348,57.93368778,348
Tennessee,2018,7682,5576,2079,26,1,0,0,98.73913043,40.52173913,57.37668534,747
Tennessee,2019,7774,5534,2230,10,0,0,0,87.08695652,41.2173913,57.89675514,555
Tennessee,2020,7769,6289,1469,9,2,0,0,95.04347826,37.08695652,57.21383284,449
Tennessee,2021,7781,5637,2122,22,0,0,0,102.1304348,40.26086957,59.03997066,578
Tennessee,2022,7708,5812,1875,18,3,0,0,102.5652174,40.13043478,58.68181664,283
Tennessee,2023,7692,5378,2256,58,0,0,0,114.1304348,42.56521739,60.03601408,258
Tennessee,2024,2226,1693,533,0,0,0,0,70.47826087,37.65217391,58.3215385,95
Texas,2009,15156,9530,5349,237,38,2,0,122.4888889,43.64444444,67.89845982,31
Texas,2010,15258,10038,4937,251,32,0,0,120.1111111,42.91111111,67.07309656,379
Texas,2011,15069,8569,5867,545,85,3,0,147.3555556,46.46666667,69.97185873,4045
Texas,2012,14722,8836,5474,353,47,10,2,154.4883721,45.37209302,69.84411412,2078
Texas,2013,14796,9703,4833,241,19,0,0,126.5581395,43.04651163,66.18506912,2739
Texas,2014,14617,9675,4838,97,7,0,0,110.3953488,42.53488372,66.17269093,6088
Texas,2015,14340,9767,4331,211,30,1,0,122.7317073,41.6097561,68.07094473,3859
Texas,2016,14424,10770,3570,80,4,0,0,106.0238095,40.19047619,67.09454797,7997
Texas,2017,14435,10279,4016,133,6,1,0,114.6190476,41.5952381,68.2716538,5543
Texas,2018,14541,10081,4215,219,24,2,0,130.4285714,40.9047619,67.70392416,8154
Texas,2019,14440,9996,4305,129,9,1,0,115.9512195,42.2195122,67.36572042,6294
Texas,2020,15852,11414,4295,120,23,0,0,123.0666667,39.6,68.39155921,8100
Texas,2021,16090,11244,4685,144,16,1,0,112.6888889,40.55555556,68.90022435,13429
Texas,2022,15883,10647,4989,234,12,1,0,123.3777778,41.8,68.19075825,5535
Texas,2023,15787,10196,5257,302,30,1,1,125.4,41.82222222,69.77813535,4079
Texas,2024,4639,3400,1194,33,7,2,3,94.38636364,39.20454545,66.40891973,1769
Utah,2010,3998,2185,1644,117,37,14,1,169.7692308,44,53.2575344,1
Utah,2011,4652,2771,1727,112,33,9,0,136.6666667,43.33333333,48.19501624,9
Utah,2012,5065,2894,2040,126,5,0,0,129.6666667,46.33333333,54.40798051,14
Utah,2013,4964,2897,1730,221,90,26,0,144.8666667,46.46666667,50.4974995,22
Utah,2014,4997,3568,1344,78,7,0,0,118.2666667,42.86666667,53.58233132,31
Utah,2015,4780,3323,1371,82,4,0,0,127.1428571,41.92857143,54.91655112,58
Utah,2016,4553,3085,1350,101,15,2,0,126.4285714,41.07142857,53.12403955,122
Utah,2017,4717,2812,1728,155,20,2,0,138,45.71428571,53.62688666,38
Utah,2018,5217,3008,2043,152,14,0,0,131.7333333,45.8,54.41898931,18
Utah,2019,5093,3549,1459,72,9,4,0,126.4666667,43.93333333,50.13017159,21
Utah,2020,5209,3633,1496,72,7,1,0,129.7333333,42.86666667,53.49346004,40
Utah,2021,5223,3340,1688,176,19,0,0,142.9333333,43.86666667,55.18539724,105
Utah,2022,5075,3511,1500,62,2,0,0,110.7333333,43.53333333,50.0161216,393
Utah,2023,5229,3489,1624,77,35,4,0,117.625,41.9375,50.38861072,256
Utah,2024,2793,1929,829,33,2,0,0,109.5714286,45.07142857,55.25379119,198
Vermont,2009,1089,738,346,5,0,0,0,111,40.33333333,46.57579264,8
Vermont,2010,1094,775,314,4,1,0,0,124,39,48.77928016,28
Vermont,2011,1096,653,434,9,0,0,0,93.75,36.5,48.36316751,128
Vermont,2012,1211,888,318,5,0,0,0,94.5,35.25,50.026413,271
Vermont,2013,1210,869,336,5,0,0,0,105,35.75,47.19501819,28
Vermont,2014,1212,910,299,3,0,0,0,86.5,33.75,46.51546768,154
Vermont,2015,1207,884,320,3,0,0,0,96,34,47.32270861,43
Vermont,2016,1206,1039,166,1,0,0,0,84.75,31,48.86014262,134
Vermont,2017,1212,1012,199,1,0,0,0,79,32,48.20820653,206
Vermont,2018,1212,971,240,1,0,0,0,84.5,32,47.65735485,263
Vermont,2019,1199,1019,180,0,0,0,0,79.5,31.75,46.44294442,291
Vermont,2020,1211,1028,183,0,0,0,0,77.5,31.75,49.03087513,108
Vermont,2021,1213,974,236,3,0,0,0,103.5,32,48.86426395,179
Virginia,2009,9402,7378,2010,14,0,0,0,83.12820513,33.71794872,49.85026768,1
Virginia,2010,9282,6142,2943,172,25,0,0,114.025641,38.82051282,50.25855257,122
Virginia,2011,9603,6870,2589,128,16,0,0,105.5263158,36.36842105,54.51467448,298
Virginia,2012,9621,7189,2290,125,16,1,0,108.1052632,35.36842105,54.68860392,423
Virginia,2013,8964,7332,1618,14,0,0,0,84.27777778,33.52777778,52.21705596,346
Virginia,2014,9134,7353,1769,11,1,0,0,79.37142857,34.45714286,51.70195315,703
Virginia,2015,9126,7275,1833,18,0,0,0,80.65714286,34.82857143,53.80046516,577
Virginia,2016,8665,7167,1461,37,0,0,0,91.82352941,32.70588235,51.23672435,793
Virginia,2017,8651,7318,1327,5,1,0,0,75.72727273,33.51515152,55.22177003,765
Virginia,2018,8410,7086,1317,7,0,0,0,80.96875,32.71875,54.01157546,2135
Virginia,2019,8439,7269,1166,4,0,0,0,74.8125,34.46875,53.03508303,1375
Virginia,2020,8483,7707,775,1,0,0,0,65.12903226,31.29032258,58.89647195,758
Virginia,2021,8844,7364,1464,16,0,0,0,86.4375,33.21875,59.42543765,1298
Virginia,2022,8822,7643,1175,4,0,0,0,74.5483871,33.74193548,58.67601421,708
Virginia,2023,8749,7039,1631,51,26,2,0,139,37.16666667,59.85833394,425
Virginia,2024,4720,4029,689,2,0,0,0,72.66666667,36.03333333,56.96262653,240
Washington,2012,10407,7851,2458,58,36,2,2,129.6551724,33.17241379,49.55172797,47
Washington,2013,10052,7127,2864,52,8,0,1,113.8275862,34.37931034,50.84302305,39
Washington,2014,9957,7763,2141,45,8,0,0,106.5517241,31.5862069,52.41653537,44
Washington,2015,10032,7504,2385,105,30,1,7,166.0689655,33.79310345,53.73995682,17
Washington,2016,10114,8439,1647,23,5,0,0,91.06896552,29.68965517,52.63589839,32
Washington,2017,10380,7625,2448,173,107,25,2,195.3333333,32.93333333,49.75885501,8
Washington,2018,10668,8084,2288,151,122,19,4,216.2666667,31.66666667,52.31851751,31
Washington,2019,10958,8629,2311,18,0,0,0,87.83870968,31.03225806,50.77586215,2
Washington,2020,10705,8688,1751,44,84,82,56,453.3548387,29.58064516,52.74463424,8
Washington,2021,10805,8673,1953,80,79,18,2,150.2258065,31.12903226,54.31285093,2
Washington,2022,10761,8149,2428,109,65,9,1,172,31.96774194,51.39651408,152
Washington,2023,10683,8499,2095,34,26,25,4,195.8387097,31.90322581,52.87323226,19
Washington,2024,3625,3241,384,0,0,0,0,65.16666667,25.13333333,46.45424584,17
West Virginia,2011,3865,2530,1300,32,3,0,0,112,43.33333333,52.62992458,82
West Virginia,2012,3985,2551,1372,60,2,0,0,123.1333333,44.13333333,54.2948957,28
West Virginia,2013,4013,2973,1029,11,0,0,0,99.2,40,51.84530972,62
West Virginia,2014,3921,2916,1002,3,0,0,0,89.73333333,39.06666667,50.37535734,98
West Virginia,2015,3901,2912,975,13,1,0,0,101.0666667,39.53333333,52.58022138,196
West Virginia,2016,3816,2965,841,10,0,0,0,96.71428571,38.78571429,57.23267109,158
West Virginia,2017,4054,3163,888,3,0,0,0,83.14285714,39.28571429,55.74053124,118
West Virginia,2018,3918,3161,754,3,0,0,0,87.28571429,37.28571429,55.27162602,301
West Virginia,2019,3686,3086,597,3,0,0,0,81.5,38.78571429,56.17897878,115
West Virginia,2020,3698,3288,408,2,0,0,0,81.28571429,35.35714286,56.56677817,179
West Virginia,2021,3996,3125,870,1,0,0,0,84.35714286,37.64285714,57.29979254,226
West Virginia,2022,3787,3148,638,1,0,0,0,83,36.5,56.09281437,120
West Virginia,2023,3647,2810,808,18,10,1,0,159.8461538,39.46153846,53.76147659,107
West Virginia,2024,1003,807,196,0,0,0,0,66.76923077,36.23076923,54.30564329,40
Wisconsin,2009,7985,6298,1615,66,6,0,0,116.625,38.25,48.99245099,1
Wisconsin,2010,7820,5995,1724,89,12,0,0,115.6060606,39.6969697,53.68141955,97
Wisconsin,2011,7218,5289,1827,90,11,1,0,122.3,39.3,49.82577558,429
Wisconsin,2012,7842,5068,2423,289,62,0,0,139.7419355,39.70967742,53.4331814,252
Wisconsin,2013,8022,5535,2444,42,0,1,0,95.40625,37.875,46.65617704,320
Wisconsin,2014,7598,5481,2049,68,0,0,0,113.5,41.07692308,46.10283699,742
Wisconsin,2015,7796,6018,1730,46,2,0,0,109.1851852,39.74074074,50.63293466,1452
Wisconsin,2016,7639,6098,1438,96,7,0,0,118.7037037,37.85185185,52.55663043,1318
Wisconsin,2017,8330,6742,1532,56,0,0,0,100.8888889,38.74074074,48.39637736,1171
Wisconsin,2018,8431,6305,2043,70,13,0,0,124.5925926,41.62962963,48.83803789,1542
Wisconsin,2019,8058,6357,1682,19,0,0,0,99.59259259,38.55555556,47.23649872,7514
Wisconsin,2020,8071,6207,1794,64,6,0,0,120.6666667,38.77777778,49.29538345,1579
Wisconsin,2021,8586,5976,2530,75,5,0,0,118.0344828,41.4137931,50.62265189,3123
Wisconsin,2022,8702,6791,1857,47,7,0,0,112.2068966,39.17241379,47.34355362,1125
Wisconsin,2023,8751,5511,2839,321,64,16,0,186.4827586,43.96551724,48.97614238,997
Wisconsin,2024,1625,1336,289,0,0,0,0,61.71428571,36.39285714,47.1251004,913
Wyoming,2010,4968,3913,1041,14,0,0,0,90.72222222,33.16666667,44.40079873,2
Wyoming,2011,5309,4060,1215,28,3,3,0,99.44444444,35.16666667,43.98778435,2
Wyoming,2012,5568,3866,1625,66,9,2,0,122.6842105,37.52631579,48.14076825,2
Wyoming,2013,5727,4573,1139,13,1,0,1,108.3333333,37.27777778,43.42582852,5
Wyoming,2014,5888,4971,907,8,2,0,0,89.89473684,35.89473684,44.83979437,2
Wyoming,2015,5878,4906,950,18,4,0,0,110.7894737,35.89473684,45.86872133,29
Wyoming,2016,5929,5069,856,3,1,0,0,94.88888889,37.83333333,45.68168902,26
Wyoming,2017,5560,4262,1257,29,9,2,1,169.5882353,39.05882353,44.26725803,14
Wyoming,2018,5934,4528,1381,22,3,0,0,106.5,39.77777778,43.89129984,1
Wyoming,2020,6118,5188,861,52,15,1,1,199.5555556,35.94444444,44.33438683,18
Wyoming,2021,6311,4907,1287,107,4,1,5,159.4444444,35.55555556,46.58684881,14
Wyoming,2022,6528,5525,970,21,7,0,5,154.2222222,36.38888889,43.4696715,16
Wyoming,2023,6536,5419,1073,36,6,1,1,121.8888889,36.55555556,43.03130166,8
Wyoming,2024,2190,2000,182,7,1,0,0,71.52941176,29.23529412,40.8639906,2
