State,Year,Days with AQI,Good Days,Moderate Days,Unhealthy for Sensitive Groups Days,Unhealthy Days,Very Unhealthy Days,Hazardous Days,Max AQI,Median AQI,Avg_Temp
Alabama,2011,4722,2800,1840,75,7,0,0,111.89473684210526,46.8421052631579,18.79571391197183
Alabama,2012,4481,2941,1476,60,4,0,0,110.82352941176471,44.05882352941177,10.567297511904762
Alabama,2013,4692,3470,1219,3,0,0,0,86.77777777777777,41.27777777777778,16.845364961643835
Alabama,2014,4688,3385,1287,16,0,0,0,93.77777777777777,41.77777777777778,62.96085871866296
Alabama,2015,5171,3047,2102,19,3,0,0,106.77777777777777,44.94444444444444,65.13476516712329
Alabama,2016,4996,3172,1795,24,5,0,0,113.05555555555556,44.27777777777778,68.8312324005102
Alabama,2017,5156,3444,1696,14,1,1,0,106.88888888888889,42.888888888888886,66.84438841009934
Alabama,2018,5008,3364,1635,7,2,0,0,99.11764705882354,41.411764705882355,65.79294732260274
Alabama,2019,4934,3247,1670,17,0,0,0,89.88235294117646,43.470588235294116,67.28228635144256
Alabama,2020,4334,3025,1304,5,0,0,0,86.33333333333333,39.6,66.60211719720817
Alabama,2021,4422,3063,1349,8,2,0,0,92.73333333333333,40.53333333333333,58.221783252493566
Alabama,2022,4526,3179,1343,4,0,0,0,90.6,40.733333333333334,65.39028831226219
Alabama,2023,4813,3028,1756,24,3,2,0,111.2,44.4,62.425558439048544
Alabama,2024,1327,1017,308,2,0,0,0,79.85714285714286,37.214285714285715,63.726030214285714
Alaska,2010,2097,1656,400,33,8,0,0,92.0,24.125,29.683629701369863
Alaska,2011,2196,1744,417,29,5,1,0,101.5,27.25,31.58855643279888
Alaska,2012,2410,1955,407,21,24,3,0,101.625,25.25,22.138714330565918
Alaska,2013,2274,1830,377,38,28,1,0,112.375,24.75,27.94608729644031
Alaska,2014,2194,1631,464,47,46,6,0,139.375,27.0,31.45005500134051
Alaska,2015,2045,1508,463,30,38,6,0,105.125,26.625,22.36963152617016
Alaska,2016,1997,1551,386,37,23,0,0,92.28571428571429,28.571428571428573,32.97183310928962
Alaska,2017,1996,1632,312,31,21,0,0,96.42857142857143,25.428571428571427,30.03427892771495
Alaska,2018,2253,1874,336,32,11,0,0,87.25,25.875,30.424325326836446
Alaska,2019,2479,1996,426,31,21,1,4,163.22222222222223,23.11111111111111,31.810802452798796
Alaska,2020,2332,2035,258,19,20,0,0,81.22222222222223,18.77777777777778,26.368594437034275
Alaska,2021,2157,1833,285,25,14,0,0,99.0,20.625,28.78836384997463
Alaska,2022,2092,1768,275,19,28,1,1,127.25,20.25,29.436096288745798
Alaska,2023,2163,1883,247,22,10,1,0,86.625,19.75,29.960673141462365
Alaska,2024,510,382,116,9,2,1,0,101.0,35.0,32.77366937902318
Arizona,2010,4024,2535,1382,103,2,0,2,245.07692307692307,43.84615384615385,61.823456924497144
Arizona,2011,4168,2337,1566,209,27,13,16,328.15384615384613,46.53846153846154,61.48877347130051
Arizona,2012,4373,2427,1678,244,16,4,4,171.92307692307693,47.15384615384615,65.22008796761145
Arizona,2013,4506,2743,1584,142,24,8,5,244.53846153846155,45.07692307692308,63.66959292292912
Arizona,2014,4645,2865,1598,140,23,7,12,211.07692307692307,44.61538461538461,65.16969189569754
Arizona,2015,4670,3220,1338,98,3,1,10,178.15384615384616,41.38461538461539,64.51272453674329
Arizona,2016,4728,3103,1511,103,6,3,2,237.3846153846154,44.07692307692308,65.16892473777027
Arizona,2017,4706,2891,1647,149,16,2,1,148.92307692307693,45.30769230769231,64.4287602544567
Arizona,2018,4733,2969,1587,150,13,6,8,206.76923076923077,44.46153846153846,63.82647256655501
Arizona,2019,4727,3190,1442,83,2,3,7,166.15384615384616,43.07692307692308,62.08667000129958
Arizona,2020,4707,3039,1343,168,78,76,3,244.30769230769232,48.53846153846154,64.65579187168217
Arizona,2021,4695,2856,1524,170,71,73,1,163.46153846153845,50.38461538461539,64.10307668266933
Arizona,2022,4720,3150,1393,144,22,8,3,172.0,43.61538461538461,62.484039026454205
Arizona,2023,4723,3040,1527,133,19,2,2,205.3846153846154,43.84615384615385,63.30584952353265
Arizona,2024,2351,1558,733,56,2,2,0,122.6923076923077,40.0,62.29335989127932
Arkansas,2010,3540,1930,1570,38,2,0,0,101.17647058823529,49.529411764705884,61.394835314371264
Arkansas,2011,3438,1874,1509,53,2,0,0,99.47058823529412,49.0,62.31386021917809
Arkansas,2012,2899,1700,1145,50,4,0,0,105.21428571428571,48.0,64.84482162021858
Arkansas,2013,2718,1858,855,5,0,0,0,93.9090909090909,44.09090909090909,62.25180096694216
Arkansas,2014,2752,2021,728,3,0,0,0,89.18181818181819,42.45454545454545,61.846803657534245
Arkansas,2015,2731,2037,692,2,0,0,0,85.36363636363636,41.27272727272727,64.00585396969697
Arkansas,2016,2778,2094,681,2,1,0,0,85.0909090909091,42.45454545454545,63.93245270684932
Arkansas,2017,3022,1975,1045,2,0,0,0,85.9090909090909,44.09090909090909,66.57375223013699
Arkansas,2018,3120,2090,1021,9,0,0,0,95.08333333333333,42.833333333333336,64.46688416986302
Arkansas,2019,3088,2067,1019,2,0,0,0,85.3076923076923,43.76923076923077,64.0971519150685
Arkansas,2020,2768,2116,646,6,0,0,0,96.45454545454545,39.18181818181818,63.705145707650274
Arkansas,2021,2754,1897,850,7,0,0,0,90.18181818181819,42.63636363636363,68.17797226477023
Arkansas,2022,2747,1953,783,10,1,0,0,104.54545454545455,42.09090909090909,73.07554943956043
Arkansas,2023,2633,1807,809,16,1,0,0,103.81818181818181,43.90909090909091,72.6854396043956
California,2010,18571,9926,7261,1054,282,25,23,322.64150943396226,48.75471698113208,59.301925539653304
California,2011,18670,8333,8604,1314,379,20,20,506.64814814814815,53.31481481481482,58.89146099319381
California,2012,18885,9131,7947,1396,368,21,22,304.462962962963,52.25925925925926,60.95884820412829
California,2013,18695,8272,8908,1225,269,12,9,226.85185185185185,53.48148148148148,60.03993035051163
California,2014,18601,8448,8556,1283,290,11,13,216.9814814814815,52.51851851851852,62.128900739936526
California,2015,18587,8782,8391,1138,245,14,17,254.8148148148148,52.648148148148145,61.31623561482109
California,2016,19000,9606,7867,1226,247,22,32,283.14814814814815,50.074074074074076,62.62625821896582
California,2017,18938,8944,8225,1316,365,58,30,316.0,52.56603773584906,62.13701682881807
California,2018,19038,8710,8512,1230,480,90,16,252.0943396226415,52.56603773584906,61.76290919009211
California,2019,19063,11450,6742,703,141,12,15,234.39622641509433,46.716981132075475,60.89413000041072
California,2020,19255,9770,7418,1152,701,149,65,331.0377358490566,51.84905660377358,62.36320945356577
California,2021,19023,9437,7986,1069,423,67,41,305.92452830188677,51.22641509433962,62.05460184110466
California,2022,18810,10060,7639,838,205,30,38,379.36538461538464,49.28846153846154,62.32989898801193
California,2023,18801,10824,7059,701,167,31,19,228.34615384615384,47.65384615384615,60.84573359003354
California,2024,4840,3315,1434,80,8,0,3,107.19148936170212,40.255319148936174,55.03324311632658
Colorado,2010,8804,6156,2475,164,9,0,0,118.9375,37.46875,50.3871602805616
Colorado,2011,9125,5918,2910,282,13,1,1,130.4375,39.6875,46.9151446735065
Colorado,2012,9058,5991,2670,369,27,1,0,126.06451612903226,41.096774193548384,51.20366749276265
Colorado,2013,9133,6310,2592,209,18,3,1,167.16666666666666,40.36666666666667,47.70067641670892
Colorado,2014,9068,6861,2114,85,7,1,0,105.16666666666667,37.233333333333334,48.9716642433837
Colorado,2015,8989,6806,2074,102,5,2,0,110.03225806451613,36.096774193548384,49.1392429928486
Colorado,2016,9220,7019,2114,80,6,1,0,104.21875,36.03125,50.610137512603316
Colorado,2017,9371,6656,2605,107,3,0,0,99.96875,37.4375,50.815360347911856
Colorado,2018,9701,6324,3085,263,25,4,0,129.84848484848484,40.27272727272727,50.39274402955918
Colorado,2019,8753,6118,2565,68,2,0,0,98.29032258064517,38.096774193548384,48.21204117525071
Colorado,2020,8873,6144,2522,185,21,1,0,124.03225806451613,38.25806451612903,51.48281068488949
Colorado,2021,9122,5968,2712,401,40,0,1,144.61290322580646,39.70967741935484,52.431496221943284
Colorado,2022,9323,6708,2473,136,4,1,1,122.93548387096774,39.225806451612904,49.00415773501489
Colorado,2023,9406,6270,3030,92,13,1,0,122.06666666666666,41.46666666666667,49.297101321641605
Colorado,2024,3827,3111,710,6,0,0,0,83.1923076923077,37.34615384615385,46.87701696059161
Connecticut,2010,2509,1733,682,85,9,0,0,152.625,41.875,51.462906540146264
Connecticut,2011,2251,1622,562,47,20,0,0,164.0,41.5,31.947540011510515
Connecticut,2012,2519,1458,932,103,26,0,0,170.25,46.625,53.3433593707843
Connecticut,2013,2520,1325,1116,64,15,0,0,156.75,47.875,51.35343103640491
Connecticut,2014,2529,1572,901,53,3,0,0,132.25,45.125,50.30833439060336
Connecticut,2015,2541,1638,809,84,10,0,0,149.5,44.5,51.2513795089812
Connecticut,2016,2529,1756,689,68,16,0,0,164.625,42.875,53.11576402195744
Connecticut,2017,2581,1964,561,45,11,0,0,151.5,40.625,52.345316145296195
Connecticut,2018,2552,1935,552,56,9,0,0,144.0,39.875,52.13152384426008
Connecticut,2019,2601,2029,512,54,6,0,0,131.625,41.125,54.00898187337145
Connecticut,2020,2595,1975,588,28,4,0,0,124.75,41.0,53.3925137014993
Connecticut,2021,2589,1941,589,50,9,0,0,142.875,40.375,53.15382809595524
Connecticut,2022,2600,2009,543,46,2,0,0,125.375,40.5,52.534370700913705
Connecticut,2023,2602,1872,665,43,20,2,0,171.625,41.625,53.39064557295138
Connecticut,2024,665,596,69,0,0,0,0,60.875,37.25,37.181303760180924
Delaware,2011,1095,649,407,32,7,0,0,177.0,46.333333333333336,63.435273907173
Delaware,2012,1074,605,410,49,10,0,0,177.66666666666666,46.666666666666664,58.20922050415512
Delaware,2013,1087,625,451,11,0,0,0,123.0,47.0,56.29761804129794
Delaware,2014,1094,569,512,12,1,0,0,122.0,49.666666666666664,53.83470911111111
Delaware,2015,1095,646,436,12,1,0,0,129.0,47.0,55.52683998513012
Delaware,2016,1096,704,377,14,1,0,0,139.66666666666666,45.666666666666664,57.7983227295082
Delaware,2017,1091,702,377,12,0,0,0,122.33333333333333,45.333333333333336,57.54675288286214
Delaware,2018,1095,735,348,12,0,0,0,141.0,44.0,56.799384053654904
Delaware,2019,1095,706,386,3,0,0,0,104.66666666666667,45.0,57.4052264046752
Delaware,2020,1094,813,279,2,0,0,0,90.66666666666667,42.333333333333336,58.21297949749642
Delaware,2021,1090,732,352,6,0,0,0,117.33333333333333,43.333333333333336,57.89741247397261
Delaware,2022,1094,759,335,0,0,0,0,88.0,44.333333333333336,56.09344855157934
Delaware,2023,1078,593,461,14,6,4,0,230.66666666666666,48.333333333333336,58.99531258798411
Florida,2010,12835,7626,5134,69,6,0,0,112.4054054054054,45.62162162162162,70.99230015039436
Florida,2011,13218,8576,4509,126,7,0,0,117.07894736842105,43.73684210526316,74.77102007578412
Florida,2012,13413,9628,3720,58,7,0,0,113.23684210526316,41.526315789473685,73.00854716710258
Florida,2013,13353,10130,3194,28,0,1,0,100.57894736842105,39.63157894736842,72.42352004309477
Florida,2014,13561,9870,3655,34,2,0,0,101.25641025641026,40.794871794871796,67.7836273857812
Florida,2015,13769,10752,3011,6,0,0,0,85.23076923076923,38.84615384615385,73.83219217615259
Florida,2016,13817,10447,3353,14,3,0,0,95.97435897435898,41.256410256410255,71.40484307132903
Florida,2017,13787,10053,3693,41,0,0,0,106.1025641025641,41.41025641025641,73.11030222506709
Florida,2018,13765,10643,3089,31,2,0,0,101.6923076923077,39.35897435897436,72.88779209593555
Florida,2019,13653,10569,3065,19,0,0,0,93.1025641025641,40.0,74.15016475741214
Florida,2020,13736,10334,3375,21,6,0,0,100.61538461538461,40.58974358974359,72.60726744034238
Florida,2021,13755,10325,3425,5,0,0,0,84.94736842105263,40.921052631578945,73.27931236070577
Florida,2022,13363,10068,3288,7,0,0,0,91.57894736842105,41.13157894736842,72.41894216060314
Florida,2023,13617,9912,3674,28,3,0,0,103.1842105263158,41.94736842105263,74.216722923848
Florida,2024,4355,3267,1076,9,3,0,0,87.86842105263158,42.10526315789474,71.70964589447415
Georgia,2010,9430,4083,5212,118,16,1,0,133.15625,51.34375,61.53775619354776
Georgia,2011,9366,4063,5040,249,14,0,0,128.96875,51.5625,62.30607608993593
Georgia,2012,9399,4666,4610,103,19,1,0,125.96875,49.125,63.12256600058601
Georgia,2013,9511,5798,3685,27,1,0,0,98.375,45.09375,60.32631516951931
Georgia,2014,9389,5029,4316,43,1,0,0,104.125,47.78125,60.43239161659908
Georgia,2015,9422,5845,3541,31,4,1,0,107.53125,44.25,63.891730030255964
Georgia,2016,9129,5739,3283,92,15,0,0,130.21875,44.5,63.939743416102644
Georgia,2017,8515,5643,2853,16,2,0,1,107.51612903225806,43.25806451612903,59.18457164351364
Georgia,2018,8275,5704,2549,22,0,0,0,95.62068965517241,40.62068965517241,64.55549033532353
Georgia,2019,8511,5308,3158,42,3,0,0,106.06896551724138,44.55172413793103,65.62219886361922
Georgia,2020,8457,6241,2201,15,0,0,0,95.51724137931035,39.06896551724138,63.90599989933032
Georgia,2021,8670,5715,2917,37,1,0,0,101.13793103448276,42.6551724137931,64.24227722234009
Georgia,2022,8827,5857,2946,22,2,0,0,103.34482758620689,42.37931034482759,64.67109163158038
Georgia,2023,8971,5341,3539,84,7,0,0,125.79310344827586,45.62068965517241,64.63796562842258
Georgia,2024,4364,2859,1480,24,1,0,0,103.07142857142857,44.107142857142854,65.34642273318862
Hawaii,2010,1073,523,534,13,3,0,0,129.66666666666666,47.333333333333336,59.5604739914408
Hawaii,2011,1324,827,496,1,0,0,0,78.75,38.25,67.46316277779552
Hawaii,2012,1446,875,569,0,2,0,0,97.5,43.75,67.28957247103264
Hawaii,2013,1457,944,513,0,0,0,0,76.0,38.5,68.16793186438356
Hawaii,2014,1399,1011,384,3,1,0,0,127.5,35.5,69.00046523595537
Hawaii,2015,1457,953,504,0,0,0,0,75.25,38.0,69.83382346000081
Hawaii,2016,1456,1008,442,6,0,0,0,92.5,35.75,69.68487399795691
Hawaii,2017,1453,1107,346,0,0,0,0,78.25,33.25,69.29773245463147
Hawaii,2018,1446,1190,242,12,2,0,0,89.5,32.25,69.21053517529599
Hawaii,2019,1455,1417,34,3,1,0,0,96.0,21.25,69.81111280637616
Hawaii,2020,1446,1419,27,0,0,0,0,64.75,21.75,69.25439369535519
Hawaii,2021,1457,1425,32,0,0,0,0,58.25,23.25,68.11727117368642
Hawaii,2022,1181,1131,50,0,0,0,0,56.0,24.0,62.04541542463449
Hawaii,2023,1077,1017,58,1,1,0,0,113.33333333333333,24.666666666666668,57.696910405658954
Hawaii,2024,304,298,5,1,0,0,0,79.66666666666667,25.666666666666668,55.752709414612674
Idaho,2010,4634,3531,1054,46,3,0,0,100.17647058823529,32.35294117647059,47.999605658460865
Idaho,2011,5045,4183,816,40,6,0,0,94.875,29.5625,47.04149293916409
Idaho,2012,4786,3592,1086,50,39,19,0,172.28571428571428,29.928571428571427,48.932607224956776
Idaho,2013,3602,2653,861,68,20,0,0,126.53846153846153,30.46153846153846,47.33633697714249
Idaho,2014,3309,2549,712,44,4,0,0,116.7,31.8,46.84783143690746
Idaho,2015,5608,4130,1312,112,43,10,1,170.75,30.9,48.15395995998038
Idaho,2016,6447,4891,1483,67,6,0,0,109.7,31.35,48.99253455338157
Idaho,2017,6683,4509,1914,173,58,26,3,219.5,35.8,47.518030256785295
Idaho,2018,6850,4892,1842,96,18,2,0,154.15,33.7,48.76651642813322
Idaho,2019,6911,5478,1408,22,3,0,0,92.5,30.55,46.73285328692622
Idaho,2020,6846,5069,1618,73,57,23,6,242.05,32.15,47.25922533672496
Idaho,2021,6619,4489,1928,147,52,3,0,164.94736842105263,36.68421052631579,50.3013255221321
Idaho,2022,6619,4718,1779,74,43,5,0,166.10526315789474,34.36842105263158,46.226597787051055
Idaho,2023,6575,5037,1473,22,10,2,31,151.0,33.36842105263158,48.305527694229916
Idaho,2024,1746,1432,304,7,3,0,0,85.38888888888889,29.555555555555557,44.33962409348208
Illinois,2010,8191,5448,2630,110,3,0,0,110.8,42.44,54.12433928689196
Illinois,2011,7636,5198,2320,101,17,0,0,134.56521739130434,42.608695652173914,52.806317218102166
Illinois,2012,7633,4966,2308,315,42,2,0,155.7826086956522,43.0,55.54102154687265
Illinois,2013,7361,5481,1844,35,1,0,0,103.43478260869566,40.869565217391305,51.575213245434135
Illinois,2014,7177,5203,1935,39,0,0,0,104.6086956521739,40.91304347826087,51.4357824532657
Illinois,2015,7266,5119,2121,24,2,0,0,104.56521739130434,42.0,51.813637715162486
Illinois,2016,7353,5249,2025,77,2,0,0,115.34782608695652,41.43478260869565,56.340470974732966
Illinois,2017,7691,5106,2525,59,1,0,0,112.73913043478261,44.17391304347826,54.76545512093284
Illinois,2018,8055,5006,2956,83,10,0,0,124.43478260869566,44.869565217391305,52.58799686011403
Illinois,2019,7746,4938,2776,29,3,0,0,106.04347826086956,45.17391304347826,51.3555322702544
Illinois,2020,7787,5207,2510,62,8,0,0,118.43478260869566,43.391304347826086,54.20212662735213
Illinois,2021,7893,4721,3113,57,2,0,0,111.69565217391305,45.95652173913044,55.51818985796826
Illinois,2022,7804,5018,2737,47,2,0,0,113.1304347826087,44.21739130434783,52.42931346507949
Illinois,2023,7907,4387,3152,312,42,14,0,196.04347826086956,47.65217391304348,49.97584281776666
Illinois,2024,3874,2874,987,12,1,0,0,103.30434782608695,42.82608695652174,58.2817005335957
Indiana,2010,9150,4284,4710,154,2,0,0,113.34210526315789,50.8421052631579,52.44052874938266
Indiana,2011,9166,4547,4401,204,14,0,0,127.97297297297297,49.62162162162162,53.47865416689608
Indiana,2012,9089,4265,4411,374,33,6,0,143.41666666666666,49.5,54.53164789837888
Indiana,2013,9411,5365,4015,29,2,0,0,102.33333333333333,46.916666666666664,51.48146625090767
Indiana,2014,10127,5647,4405,72,2,1,0,111.56410256410257,46.87179487179487,50.660627898043266
Indiana,2015,10336,6320,3964,46,6,0,0,108.2051282051282,44.76923076923077,53.955427075220506
Indiana,2016,10029,6619,3306,102,1,1,0,114.62162162162163,42.62162162162162,55.16956977590586
Indiana,2017,11148,7917,3175,55,1,0,0,100.52631578947368,42.473684210526315,54.64285911917672
Indiana,2018,12401,9014,3270,113,4,0,0,115.8108108108108,40.567567567567565,52.961826471503024
Indiana,2019,12369,9210,3139,20,0,0,0,90.05405405405405,40.83783783783784,52.86330993401862
Indiana,2020,11261,8403,2811,42,5,0,0,104.94117647058823,40.23529411764706,53.70435755076941
Indiana,2021,11240,7928,3278,33,1,0,0,102.03030303030303,41.57575757575758,55.498048157811446
Indiana,2022,11156,8359,2737,58,1,1,0,111.06060606060606,40.63636363636363,53.00608492614328
Indiana,2023,11543,7729,3543,233,28,10,0,174.12121212121212,43.72727272727273,56.77440748112029
Indiana,2024,5744,4383,1350,9,2,0,0,92.33333333333333,40.78787878787879,53.14041635799154
Iowa,2009,5236,3246,1959,30,1,0,0,106.5,42.3,48.257040687388574
Iowa,2010,5332,2912,2355,62,3,0,0,107.75,44.1,49.35948155484032
Iowa,2011,5353,2810,2539,4,0,0,0,95.45,47.5,54.04835108247022
Iowa,2012,5334,2649,2623,61,1,0,0,107.3157894736842,48.421052631578945,54.35071838770248
Iowa,2013,5309,2907,2380,22,0,0,0,101.47368421052632,46.78947368421053,48.42066160027048
Iowa,2014,5319,2987,2312,20,0,0,0,100.57894736842105,44.89473684210526,47.26126931159527
Iowa,2015,5338,3210,2117,9,2,0,0,105.36842105263158,43.68421052631579,51.070658255183616
Iowa,2016,5362,3348,2003,9,2,0,0,98.6842105263158,41.421052631578945,52.127196559040996
Iowa,2017,4882,2750,2129,3,0,0,0,86.33333333333333,43.05555555555556,51.957379581333456
Iowa,2018,4613,2578,2018,17,0,0,0,97.5625,45.0,50.22740910249592
Iowa,2019,4610,3131,1477,2,0,0,0,86.25,40.4375,49.565016591063525
Iowa,2020,4586,3197,1381,5,3,0,0,99.5,40.3125,51.60154241927048
Iowa,2021,4576,2765,1794,14,3,0,0,107.375,44.0,56.59986620372049
Iowa,2022,4583,3190,1390,3,0,0,0,85.0625,40.75,49.88689647560243
Iowa,2023,4468,2267,2049,117,30,5,0,167.4375,46.75,53.04313834090461
Iowa,2024,2639,1875,763,1,0,0,0,84.5,43.0,57.01296974225826
Kansas,2015,3420,2784,631,5,0,0,0,97.18181818181819,33.72727272727273,59.64187866027397
Kansas,2016,3461,2947,509,4,1,0,0,104.72727272727273,33.90909090909091,62.32737297814208
Kansas,2017,3624,2908,713,2,1,0,0,94.45454545454545,34.81818181818182,59.10845853424657
Kansas,2018,3728,2864,859,4,1,0,0,105.18181818181819,35.72727272727273,57.31109520273973
Kansas,2019,3693,2968,721,3,1,0,0,100.81818181818181,34.27272727272727,56.55737756164384
Kansas,2020,3652,2737,895,18,2,0,0,110.0909090909091,35.0,57.86758037158469
Kansas,2021,3694,2453,1207,31,1,1,1,155.54545454545453,39.54545454545455,57.1450639804889
Kansas,2022,3738,2601,1118,16,2,0,1,145.9090909090909,38.72727272727273,55.46758147963461
Kansas,2023,3676,2308,1305,51,12,0,0,142.0,40.72727272727273,57.44581036204108
Kansas,2024,880,723,154,2,1,0,0,84.6,34.7,56.76081432967033
Kentucky,2009,9379,6392,2954,33,0,0,0,99.875,42.5625,56.39964820954138
Kentucky,2010,9089,5168,3747,170,4,0,0,116.625,47.1875,56.09343375933417
Kentucky,2011,8712,5300,3264,135,13,0,0,124.9,45.7,58.13883656601599
Kentucky,2012,8570,5174,3044,312,36,4,0,151.10344827586206,45.172413793103445,59.73813352299098
Kentucky,2013,8621,6260,2345,16,0,0,0,93.58620689655173,41.44827586206897,55.08650635548565
Kentucky,2014,8568,6061,2492,14,1,0,0,96.03448275862068,41.793103448275865,56.02428736551329
Kentucky,2015,8458,6011,2399,44,4,0,0,101.92857142857143,42.607142857142854,57.69020525547755
Kentucky,2016,8576,5807,2721,44,4,0,0,112.03571428571429,43.57142857142857,59.107796999334944
Kentucky,2017,8524,6058,2456,10,0,0,0,91.57142857142857,43.32142857142857,58.738341159218685
Kentucky,2018,8314,5965,2330,16,3,0,0,101.07407407407408,41.74074074074074,56.98998116074922
Kentucky,2019,8172,6284,1883,5,0,0,0,82.07407407407408,42.629629629629626,58.31975851621235
Kentucky,2020,8185,6767,1407,11,0,0,0,87.03846153846153,38.42307692307692,57.957812536500235
Kentucky,2021,8335,6140,2174,20,1,0,0,99.61538461538461,41.46153846153846,58.69900385203207
Kentucky,2022,8170,6120,2029,19,2,0,0,97.42307692307692,41.88461538461539,56.62259491668271
Kentucky,2023,7965,5574,2282,98,11,0,0,134.72,43.92,58.82725658259246
Kentucky,2024,1896,1619,276,1,0,0,0,63.625,37.416666666666664,51.65002801502851
Louisiana,2009,7356,4781,2480,85,10,0,0,127.95652173913044,43.65217391304348,67.96581209133552
Louisiana,2010,7385,4030,3181,166,8,0,0,128.30434782608697,47.34782608695652,68.24235647691769
Louisiana,2011,7443,4058,3172,196,17,0,0,137.77272727272728,47.31818181818182,67.60630615039172
Louisiana,2012,7459,4308,3060,87,4,0,0,124.68181818181819,45.95454545454545,68.77493258463369
Louisiana,2013,7495,4898,2558,36,3,0,0,114.63636363636364,43.40909090909091,66.85685884261797
Louisiana,2014,7373,4659,2660,52,2,0,0,114.0909090909091,43.72727272727273,64.94495173354561
Louisiana,2015,6934,4630,2264,37,3,0,0,108.45454545454545,41.5,68.87944430952888
Louisiana,2016,7241,5124,2096,21,0,0,0,97.86363636363636,41.86363636363637,66.84990871222938
Louisiana,2017,7233,5198,2010,25,0,0,0,103.95454545454545,41.0,70.83123589028324
Louisiana,2018,7259,5192,2028,38,1,0,0,104.13636363636364,39.90909090909091,69.43906408630136
Louisiana,2019,7229,5159,2057,13,0,0,0,92.31818181818181,40.68181818181818,69.69408135410958
Louisiana,2020,7212,5524,1671,17,0,0,0,100.54545454545455,38.27272727272727,70.35101203168044
Louisiana,2021,7108,5355,1737,13,3,0,0,99.9090909090909,39.31818181818182,71.71290329514615
Louisiana,2022,7196,5118,2050,27,1,0,0,105.54545454545455,41.22727272727273,71.28193666742652
Louisiana,2023,7236,4544,2626,63,3,0,0,118.45454545454545,44.31818181818182,71.32424341404511
Louisiana,2024,3514,2648,845,19,2,0,0,112.18181818181819,40.54545454545455,69.43217927318436
Maine,2009,3191,2962,212,15,2,0,0,121.18181818181819,32.63636363636363,47.27287608895779
Maine,2010,3687,3213,448,19,7,0,0,126.0,35.666666666666664,49.68067690823523
Maine,2011,3287,2772,499,13,3,0,0,105.16666666666667,35.25,46.62034734680326
Maine,2012,3291,2881,401,9,0,0,0,95.9090909090909,35.63636363636363,45.66666580730758
Maine,2013,3373,2916,433,24,0,0,0,117.45454545454545,36.18181818181818,47.4223152142537
Maine,2014,3306,2804,496,6,0,0,0,93.54545454545455,36.0,47.74374914363012
Maine,2015,3394,2673,713,8,0,0,0,99.83333333333333,36.75,44.28116637294332
Maine,2016,3624,3067,551,5,1,0,0,99.81818181818181,34.81818181818182,46.10483948676665
Maine,2017,3556,2956,585,13,2,0,0,122.0909090909091,36.36363636363637,45.44988201324453
Maine,2018,3320,2863,450,5,1,1,0,116.0,37.2,46.66790818607306
Maine,2019,3320,2951,365,3,1,0,0,94.7,35.6,45.47685362495548
Maine,2020,3111,2816,293,1,0,1,0,90.8,35.5,47.92436726678867
Maine,2021,3228,2868,345,14,1,0,0,121.5,34.9,53.26794570975815
Maine,2022,3358,3072,280,6,0,0,0,92.9090909090909,33.90909090909091,45.55080549865372
Maine,2023,3665,3112,547,6,0,0,0,94.63636363636364,36.63636363636363,49.628068143830454
Maine,2024,2239,2014,223,2,0,0,0,84.54545454545455,36.18181818181818,50.75834053803471
Maryland,2009,4604,2837,1707,57,2,1,0,119.25,45.5,55.110404838766655
Maryland,2010,4741,2453,1984,258,44,2,0,173.4375,49.1875,55.27358226042906
Maryland,2011,4569,2343,1996,183,44,3,0,166.13333333333333,49.0,55.028318889143506
Maryland,2012,4700,2452,2004,198,42,4,0,180.53333333333333,49.0,56.73913004491803
Maryland,2013,4688,2961,1685,42,0,0,0,116.86666666666666,45.4,53.551981714985274
Maryland,2014,4970,2957,1990,23,0,0,0,107.375,46.5625,53.238932407733564
Maryland,2015,5047,2943,2045,56,3,0,0,125.0,46.875,55.82790259299704
Maryland,2016,5082,3273,1715,86,7,1,0,131.0625,44.9375,56.24036960981528
Maryland,2017,5215,3560,1601,50,4,0,0,117.75,44.125,55.552773441958
Maryland,2018,5190,3618,1517,53,2,0,0,122.25,42.9375,54.53536036149919
Maryland,2019,5190,3869,1275,46,0,0,0,109.0625,42.5625,55.318402623263914
Maryland,2020,5190,4518,666,6,0,0,0,88.5,38.0625,55.663929207484266
Maryland,2021,5196,3910,1247,39,0,0,0,110.8125,41.25,57.56649132132345
Maryland,2022,5185,4151,1026,8,0,0,0,98.3125,41.0,54.25694048078929
Maryland,2023,5197,3874,1230,60,32,1,0,168.5625,42.4375,55.83987573065479
Maryland,2024,2205,1800,397,8,0,0,0,88.6875,38.875,52.503335061488116
Massachusetts,2009,3824,2427,1337,59,1,0,0,130.66666666666666,42.166666666666664,48.40742102412189
Massachusetts,2010,3923,2563,1284,69,7,0,0,145.41666666666666,43.0,52.0108979528886
Massachusetts,2011,3957,2379,1523,47,7,1,0,142.66666666666666,45.416666666666664,51.0840409222184
Massachusetts,2012,3890,2544,1267,71,8,0,0,147.16666666666666,43.083333333333336,50.99489329421478
Massachusetts,2013,4095,2708,1341,45,1,0,0,120.33333333333333,42.666666666666664,50.50540721874019
Massachusetts,2014,4698,3189,1505,4,0,0,0,95.46153846153847,42.92307692307692,50.960267677720196
Massachusetts,2015,4578,3298,1254,25,1,0,0,119.07692307692308,40.07692307692308,50.959020059367475
Massachusetts,2016,4719,3834,854,29,2,0,0,121.3076923076923,38.61538461538461,52.53385662458887
Massachusetts,2017,4703,3641,1022,37,3,0,0,129.76923076923077,40.30769230769231,51.58522584659761
Massachusetts,2018,4720,3538,1147,35,0,0,0,117.23076923076923,40.15384615384615,51.30766693325607
Massachusetts,2019,4714,3737,972,5,0,0,0,96.15384615384616,40.76923076923077,49.73198589728115
Massachusetts,2020,4733,3678,1049,6,0,0,0,95.6923076923077,40.30769230769231,52.1977877024475
Massachusetts,2021,4717,3495,1200,21,1,0,0,121.84615384615384,40.0,52.146641373662874
Massachusetts,2022,4729,3663,1054,12,0,0,0,104.15384615384616,40.53846153846154,52.800285433174665
Massachusetts,2023,4736,3524,1154,52,6,0,0,132.92307692307693,40.92307692307692,52.46827230756546
Massachusetts,2024,2357,2102,249,6,0,0,0,97.3076923076923,37.84615384615385,46.92276886351738
Michigan,2009,6616,4852,1690,70,4,0,0,122.58620689655173,40.172413793103445,47.220892692447634
Michigan,2010,6743,4866,1775,99,3,0,0,119.67857142857143,40.25,49.92684271455048
Michigan,2011,6862,5007,1677,156,22,0,0,140.96428571428572,39.857142857142854,48.57797985174743
Michigan,2012,6934,4508,1913,452,55,6,0,163.46428571428572,42.607142857142854,51.061466571157275
Michigan,2013,6929,5039,1828,61,1,0,0,112.39285714285714,40.17857142857143,47.94202852553713
Michigan,2014,7658,5100,2487,70,1,0,0,111.39285714285714,42.57142857142857,45.66147799789412
Michigan,2015,7715,5273,2375,64,3,0,0,116.85714285714286,42.035714285714285,48.552166113327466
Michigan,2016,7682,5576,1939,165,2,0,0,123.60714285714286,39.785714285714285,50.47875825529772
Michigan,2017,8315,6272,1996,47,0,0,0,104.53571428571429,39.357142857142854,49.81360872374105
Michigan,2018,8168,6191,1872,99,6,0,0,121.75,38.357142857142854,48.56117127579453
Michigan,2019,8134,6529,1582,23,0,0,0,91.53571428571429,37.107142857142854,45.5949531812111
Michigan,2020,8054,6483,1470,94,7,0,0,126.88888888888889,35.51851851851852,50.76730506439074
Michigan,2021,8243,5678,2506,59,0,0,0,107.74074074074075,40.074074074074076,55.399405270284
Michigan,2022,8132,5935,2126,60,10,0,1,144.03703703703704,39.148148148148145,48.75085661407343
Michigan,2023,8215,5340,2654,177,37,7,0,167.74074074074073,42.25925925925926,50.33373128210719
Michigan,2024,2005,1523,479,1,2,0,0,75.28,39.04,47.79007019069638
Minnesota,2009,5902,3968,1905,28,1,0,0,104.04761904761905,39.38095238095238,39.65879706649368
Minnesota,2010,5975,4063,1872,40,0,0,0,107.52380952380952,38.857142857142854,43.05537332479528
Minnesota,2011,5932,4177,1731,23,1,0,0,101.38095238095238,39.0,42.640597350567546
Minnesota,2012,6199,4384,1794,20,1,0,0,102.19047619047619,38.19047619047619,37.34632119099388
Minnesota,2013,6116,4499,1612,5,0,0,0,89.4,38.0,29.746464004068017
Minnesota,2014,6570,4982,1582,6,0,0,0,93.52380952380952,36.61904761904762,23.526610715176467
Minnesota,2015,6655,5286,1347,21,1,0,0,110.76190476190476,36.095238095238095,24.88217916986301
Minnesota,2016,6709,5730,967,11,1,0,0,103.35,32.05,45.91811670901639
Minnesota,2017,6773,5392,1380,1,0,0,0,87.25,35.6,45.38832544316091
Minnesota,2018,6923,5249,1660,14,0,0,0,100.42857142857143,37.095238095238095,43.46962478219178
Minnesota,2019,6933,5715,1211,6,1,0,0,97.80952380952381,33.19047619047619,27.869069867503804
Minnesota,2020,6927,5883,1035,7,2,0,0,95.57142857142857,33.285714285714285,40.36364569398907
Minnesota,2021,6881,5043,1744,59,29,6,0,165.04761904761904,37.0,58.93664551851677
Minnesota,2022,6712,5733,975,2,2,0,0,83.52380952380952,33.714285714285715,29.823161679552395
Minnesota,2023,6986,4454,2334,164,33,1,0,167.57142857142858,41.38095238095238,48.91794895526502
Minnesota,2024,1685,1407,277,1,0,0,0,66.2,33.5,41.29761830046948
Mississippi,2011,3800,1878,1889,33,0,0,0,107.53846153846153,49.23076923076923,66.8237560109589
Mississippi,2012,3435,1937,1457,39,2,0,0,118.63636363636364,47.36363636363637,67.11695668681318
Mississippi,2013,3116,2296,814,6,0,0,0,98.8,40.9,69.77276909392265
Mississippi,2014,3073,2154,902,16,1,0,0,103.3,41.7,64.38391712643678
Mississippi,2015,3252,2362,888,2,0,0,0,87.81818181818181,40.18181818181818,68.1462287260274
Mississippi,2016,3166,2410,755,1,0,0,0,86.0,41.54545454545455,70.32473765349545
Mississippi,2017,3235,2449,784,2,0,0,0,78.72727272727273,40.09090909090909,68.34128286301369
Mississippi,2018,3393,2261,1119,12,1,0,0,105.54545454545455,42.54545454545455,67.982495087032
Mississippi,2019,3378,2271,1105,2,0,0,0,92.3,43.7,67.74203496449105
Mississippi,2020,3357,2266,1089,2,0,0,0,82.8,42.9,67.93066053289078
Mississippi,2021,3376,2304,1071,1,0,0,0,85.4,42.5,67.43397501496817
Mississippi,2022,3374,2260,1104,10,0,0,0,100.3,43.9,67.17826041694786
Mississippi,2023,3374,1857,1495,22,0,0,0,112.7,48.1,69.2795387666697
Mississippi,2024,835,661,174,0,0,0,0,72.3,39.6,65.47050889791123
Missouri,2009,5961,3802,2108,49,2,0,0,114.14285714285714,43.142857142857146,55.08229771442742
Missouri,2010,6067,3328,2594,139,6,0,0,126.42857142857143,47.333333333333336,51.215137348534405
Missouri,2011,6122,3401,2517,187,17,0,0,137.28571428571428,48.333333333333336,46.39695701381421
Missouri,2012,6043,3020,2625,352,46,0,0,149.85714285714286,49.0,54.63744672338299
Missouri,2013,6105,3836,2234,34,1,0,0,109.38095238095238,45.38095238095238,55.29139732530647
Missouri,2014,6104,3957,2104,43,0,0,0,107.28571428571429,43.80952380952381,54.876319266658584
Missouri,2015,6061,4168,1866,25,2,0,0,103.0952380952381,42.42857142857143,58.01681605623751
Missouri,2016,6096,4567,1492,35,2,0,0,104.95238095238095,40.80952380952381,59.48576950414365
Missouri,2017,6368,4611,1738,18,1,0,0,99.19047619047619,42.76190476190476,58.55199856024131
Missouri,2018,6190,4427,1713,49,1,0,0,109.85714285714286,41.23809523809524,56.31486810264467
Missouri,2019,6182,4727,1440,14,1,0,0,91.76190476190476,40.76190476190476,55.36353259405971
Missouri,2020,6146,4859,1261,24,2,0,0,104.23809523809524,37.904761904761905,56.72898518530608
Missouri,2021,6165,4680,1453,30,2,0,0,106.85714285714286,39.95238095238095,56.991173580081586
Missouri,2022,6177,4645,1505,27,0,0,0,97.9047619047619,41.285714285714285,55.91777766615198
Missouri,2023,6132,4028,1933,162,9,0,0,136.8095238095238,43.95238095238095,57.68860071224769
Missouri,2024,1269,1041,224,3,1,0,0,70.78947368421052,38.68421052631579,41.62081762372258
Montana,2009,4798,3504,1260,32,2,0,0,89.11111111111111,30.88888888888889,47.196971439907266
Montana,2010,5440,3958,1391,81,10,0,0,101.84210526315789,33.421052631578945,46.30774266539595
Montana,2011,5137,3680,1379,69,9,0,0,98.11111111111111,32.22222222222222,44.35887300231059
Montana,2012,5293,3571,1596,76,44,5,1,120.3157894736842,33.1578947368421,43.03040131000198
Montana,2013,5677,4338,1291,41,7,0,0,93.36842105263158,32.0,44.696321348761785
Montana,2014,5792,4461,1291,37,3,0,0,112.73684210526316,31.68421052631579,44.09794785680368
Montana,2015,5848,4338,1344,86,72,8,0,180.52631578947367,32.94736842105263,45.31781173222903
Montana,2016,5851,4679,1115,51,5,0,1,123.6842105263158,30.68421052631579,45.811383353226525
Montana,2017,5821,3890,1684,131,71,24,21,228.57894736842104,35.578947368421055,45.27844221445252
Montana,2018,5873,4305,1465,77,26,0,0,142.47368421052633,33.94736842105263,42.65175076044764
Montana,2019,5791,4697,1082,10,2,0,0,98.63157894736842,30.736842105263158,40.4750671487009
Montana,2020,5794,4558,1136,52,41,5,2,159.3684210526316,29.57894736842105,44.06707126221919
Montana,2021,5861,4034,1596,180,50,1,0,153.6315789473684,34.473684210526315,46.72288099128371
Montana,2022,6200,4897,1230,47,24,2,0,129.75,30.75,42.86511734154158
Montana,2023,7039,5283,1639,73,41,3,0,165.65217391304347,30.391304347826086,44.91729631710645
Montana,2024,1812,1508,303,1,0,0,0,69.10526315789474,30.842105263157894,39.57521884632582
Nebraska,2009,2248,1886,357,3,1,1,0,95.33333333333333,30.25,60.30683876136364
Nebraska,2010,2313,1757,542,13,1,0,0,102.0,34.0,66.79761906451613
Nebraska,2011,2406,1733,668,5,0,0,0,89.54545454545455,34.72727272727273,65.03027109817492
Nebraska,2012,2436,1610,796,29,1,0,0,97.63636363636364,37.90909090909091,64.26964295609702
Nebraska,2013,2259,1721,532,6,0,0,0,84.9090909090909,31.90909090909091,54.35660960273973
Nebraska,2014,2215,1766,446,3,0,0,0,84.0909090909091,30.09090909090909,52.26132196986301
Nebraska,2015,2299,1820,476,3,0,0,0,85.72727272727273,30.727272727272727,53.76742008767123
Nebraska,2016,2128,1739,384,5,0,0,0,81.1,29.6,55.05061478688524
Nebraska,2017,2140,1578,561,1,0,0,0,90.66666666666667,34.55555555555556,54.49327862011173
Nebraska,2018,2154,1676,474,4,0,0,0,83.55555555555556,33.0,51.58474128296704
Nebraska,2019,2141,1846,295,0,0,0,0,70.66666666666667,29.444444444444443,51.05648404109589
Nebraska,2020,2528,2110,412,5,1,0,0,99.55555555555556,30.22222222222222,53.49115072328768
Nebraska,2021,2785,2183,586,16,0,0,0,107.0,34.3,59.19801546875
Nebraska,2022,3039,2710,328,1,0,0,0,81.6,26.8,52.59730172054794
Nebraska,2023,3069,2322,693,43,10,1,0,158.88888888888889,33.888888888888886,54.79269376033057
Nebraska,2024,1405,1190,214,1,0,0,0,81.0,28.0,50.83248014285714
Nevada,2009,2670,2080,553,36,1,0,0,104.8,34.2,51.816084829128684
Nevada,2010,2918,2316,562,40,0,0,0,98.6,33.1,51.050572769135854
Nevada,2011,3001,2296,641,62,2,0,0,110.9,33.5,56.77819337722123
Nevada,2012,2580,1674,807,85,6,0,8,182.9,36.7,56.97971780434883
Nevada,2013,2895,1895,885,68,22,10,15,219.6,39.2,53.874233885930416
Nevada,2014,2951,1983,923,34,6,0,5,219.44444444444446,42.888888888888886,59.62867793003133
Nevada,2015,3027,2113,862,48,4,0,0,134.0,41.666666666666664,58.764541121903584
Nevada,2016,3209,2387,783,37,0,1,1,150.33333333333334,38.55555555555556,58.44219277941488
Nevada,2017,3228,2346,832,45,4,1,0,146.66666666666666,39.55555555555556,58.87284799395834
Nevada,2018,3217,2280,828,101,6,2,0,143.11111111111111,38.44444444444444,58.715969702860946
Nevada,2019,3252,2625,620,7,0,0,0,95.22222222222223,35.44444444444444,56.49084150280285
Nevada,2020,3273,2440,726,63,35,8,1,211.44444444444446,39.111111111111114,58.96914883964558
Nevada,2021,3186,2178,848,91,47,20,2,198.33333333333334,41.44444444444444,59.39724214769917
Nevada,2022,3223,2409,750,36,18,8,2,210.66666666666666,40.111111111111114,57.66666567192044
Nevada,2023,3245,2399,813,32,1,0,0,107.0,40.44444444444444,56.29873275121122
Nevada,2024,909,781,123,5,0,0,0,71.66666666666667,33.22222222222222,57.46123466608186
New Hampshire,2009,2148,1692,444,12,0,0,0,108.85714285714286,37.285714285714285,62.978119621951215
New Hampshire,2010,2271,1738,509,23,1,0,0,124.14285714285714,40.0,59.908471645776565
New Hampshire,2011,2269,1621,636,10,2,0,0,118.0,41.0,49.0737296260274
New Hampshire,2012,2281,1719,544,18,0,0,0,115.42857142857143,40.714285714285715,50.12094452427016
New Hampshire,2013,2282,1670,603,9,0,0,0,103.28571428571429,40.57142857142857,47.666112609712854
New Hampshire,2014,2335,1717,610,8,0,0,0,106.42857142857143,40.857142857142854,48.61839507562608
New Hampshire,2015,2389,1837,539,12,1,0,0,119.28571428571429,40.285714285714285,49.895391052687906
New Hampshire,2016,2444,2101,333,10,0,0,0,99.85714285714286,37.285714285714285,51.03132303291448
New Hampshire,2017,2487,2141,340,5,1,0,0,104.85714285714286,37.142857142857146,48.72536837791761
New Hampshire,2018,2227,1912,309,6,0,0,0,95.71428571428571,38.0,49.12781737118987
New Hampshire,2019,2310,2138,171,1,0,0,0,77.28571428571429,36.285714285714285,49.060557430663444
New Hampshire,2020,2402,2180,222,0,0,0,0,77.28571428571429,37.57142857142857,51.683580747524225
New Hampshire,2021,2398,2054,332,12,0,0,0,124.0,37.42857142857143,53.260865493287966
New Hampshire,2022,2389,2149,238,2,0,0,0,86.57142857142857,37.142857142857146,51.52894170790294
New Hampshire,2023,2400,1970,418,12,0,0,0,112.14285714285714,39.142857142857146,51.85552748488244
New Hampshire,2024,639,609,30,0,0,0,0,53.714285714285715,36.57142857142857,47.48676535611287
New Jersey,2009,5845,3747,2037,61,0,0,0,114.47058823529412,41.529411764705884,51.42495909589041
New Jersey,2010,5551,3426,1870,218,36,1,0,161.8125,44.25,53.534961953424656
New Jersey,2011,5598,3360,2061,147,30,0,0,158.0,45.5,54.77170004521299
New Jersey,2012,5397,3331,1858,186,22,0,0,146.75,44.5625,54.84345596190877
New Jersey,2013,5418,3701,1669,45,3,0,0,122.9375,42.375,52.57920672420092
New Jersey,2014,5444,3782,1615,45,2,0,0,124.625,43.0625,49.91456907218679
New Jersey,2015,5465,3708,1648,105,4,0,0,132.8125,42.375,48.958475517453905
New Jersey,2016,5511,3472,1954,79,6,0,0,137.5625,44.375,55.37045721001417
New Jersey,2017,5589,3738,1795,56,0,0,0,115.625,42.9375,54.433592793160706
New Jersey,2018,5505,3591,1839,67,8,0,0,140.1875,42.9375,53.36254171807596
New Jersey,2019,5514,3703,1786,25,0,0,0,114.5625,43.5,57.38320555286645
New Jersey,2021,5535,3786,1704,44,1,0,0,119.6875,42.375,55.87957931232877
New Jersey,2023,5290,3460,1722,59,40,9,0,212.13333333333333,43.733333333333334,55.67011364534884
New Mexico,2009,4982,3979,980,21,2,0,0,88.16666666666667,31.77777777777778,62.090707463538365
New Mexico,2010,4940,3771,1132,26,3,2,6,143.16666666666666,32.388888888888886,61.46434408902185
New Mexico,2011,4914,3314,1498,87,6,2,7,178.83333333333334,35.22222222222222,61.7928237900049
New Mexico,2012,4903,3480,1325,83,3,3,9,246.88888888888889,35.333333333333336,61.99571906120339
New Mexico,2013,4935,3548,1298,66,13,2,8,140.66666666666666,35.5,62.4362014025303
New Mexico,2014,4813,3733,1048,23,5,3,1,112.70588235294117,35.294117647058826,63.00315597431416
New Mexico,2015,4530,3527,984,17,2,0,0,90.5,32.125,62.90217748479263
New Mexico,2016,4556,3560,973,18,4,0,1,121.75,32.25,63.53417354024065
New Mexico,2017,4564,3231,1262,64,4,0,3,136.1875,33.6875,63.401106093441385
New Mexico,2018,4570,3078,1373,111,8,0,0,110.1875,35.6875,57.95451199864111
New Mexico,2019,4529,3257,1218,44,5,2,3,154.5625,33.3125,59.902497490671045
New Mexico,2020,4564,3417,1092,46,4,2,3,129.5,33.8125,61.25090888524802
New Mexico,2021,4540,3204,1234,86,12,1,3,173.0625,35.125,61.19899038426954
New Mexico,2022,4536,3308,1110,102,7,4,5,210.125,33.75,59.56005387363872
New Mexico,2023,4529,3334,1144,45,5,1,0,109.6875,33.6875,60.78952823247579
New Mexico,2024,1130,924,180,19,2,1,4,167.63636363636363,36.0,58.28668210697059
New York,2009,11977,8966,2923,85,3,0,0,118.31428571428572,39.114285714285714,48.592168270906775
New York,2010,12152,8844,3082,210,15,1,0,130.5,39.911764705882355,49.59274081274276
New York,2011,11755,8562,3061,112,19,1,0,130.76470588235293,40.470588235294116,48.767548874625554
New York,2012,11416,8423,2788,192,13,0,0,125.42424242424242,39.42424242424242,46.008945215843895
New York,2013,10276,7943,2289,41,3,0,0,106.72413793103448,38.689655172413794,50.416699061647655
New York,2014,10306,8078,2201,25,2,0,0,103.96551724137932,38.41379310344828,47.110965018390296
New York,2015,10215,7728,2409,78,0,0,0,111.96551724137932,38.96551724137931,40.83071047525816
New York,2016,10201,8225,1885,89,2,0,0,119.41379310344827,37.41379310344828,50.113196851092674
New York,2017,10178,8397,1735,43,3,0,0,102.03448275862068,37.275862068965516,52.93906743270793
New York,2018,9799,7850,1855,88,5,1,0,122.92857142857143,37.0,50.52030429596673
New York,2019,9710,8218,1470,22,0,0,0,85.79310344827586,37.10344827586207,46.340488906420845
New York,2020,9642,8270,1353,17,2,0,0,91.92592592592592,36.0,50.61694244801715
New York,2021,9726,7866,1797,57,6,0,0,122.11111111111111,37.629629629629626,51.850220911325344
New York,2022,9682,8093,1563,26,0,0,0,96.77777777777777,37.333333333333336,50.36698766238877
New York,2023,9733,7595,1986,91,54,7,0,174.0,38.333333333333336,52.11114189944961
New York,2024,4536,3906,604,25,1,0,0,101.0,36.92307692307692,38.76366799816331
North Carolina,2009,12604,7716,4847,40,1,0,0,95.08695652173913,44.34782608695652,56.237207374615565
North Carolina,2010,12640,6519,5868,242,11,0,0,120.86666666666666,48.84444444444444,58.02979113353643
North Carolina,2011,12549,6749,5571,214,15,0,0,120.6,48.53333333333333,58.922026538056215
North Carolina,2012,12812,7945,4710,135,20,2,0,130.26666666666668,45.4,58.865260656080764
North Carolina,2013,12952,9033,3904,14,1,0,0,92.65217391304348,42.0,56.81596342338869
North Carolina,2014,13096,8374,4708,14,0,0,0,91.91304347826087,44.5,57.63963514392653
North Carolina,2015,12113,8302,3790,21,0,0,0,88.88636363636364,43.18181818181818,58.274260365265334
North Carolina,2016,10643,7697,2870,59,17,0,0,115.72222222222223,42.30555555555556,60.62610967645145
North Carolina,2017,11192,8369,2818,5,0,0,0,87.30555555555556,41.94444444444444,60.60142997976421
North Carolina,2018,10601,7911,2676,14,0,0,0,91.22222222222223,40.861111111111114,59.232402888085666
North Carolina,2019,10749,7949,2787,13,0,0,0,84.61111111111111,42.083333333333336,60.165847854044294
North Carolina,2020,11146,9513,1627,6,0,0,0,79.77777777777777,36.361111111111114,59.81039365444039
North Carolina,2021,11095,8533,2553,9,0,0,0,91.22222222222223,40.25,59.748094535094936
North Carolina,2022,10979,8645,2321,13,0,0,0,92.8,40.371428571428574,61.30071108912774
North Carolina,2023,11056,7988,3003,64,1,0,0,111.8,42.22857142857143,63.451639505356
North Carolina,2024,3563,2853,706,4,0,0,0,84.52941176470588,39.705882352941174,62.77152212902338
North Dakota,2009,2916,2745,169,2,0,0,0,67.0,31.333333333333332,36.04503317337584
North Dakota,2010,2737,2225,511,1,0,0,0,87.77777777777777,36.44444444444444,37.26952937899675
North Dakota,2011,2771,2220,550,0,0,1,0,97.875,40.0,42.30302677454014
North Dakota,2012,2913,2306,607,0,0,0,0,80.75,39.625,45.17098215911627
North Dakota,2013,3271,2678,592,1,0,0,0,82.88888888888889,39.44444444444444,39.96367806305141
North Dakota,2014,3266,2873,385,7,0,1,0,117.66666666666667,36.333333333333336,39.993314488894626
North Dakota,2015,3643,2995,587,46,15,0,0,152.5,35.5,44.75962823851503
North Dakota,2016,3627,3402,223,2,0,0,0,93.4,30.9,45.14230969992731
North Dakota,2017,3930,3316,597,11,5,1,0,142.72727272727272,35.0,43.64445161164887
North Dakota,2018,3596,2928,654,12,2,0,0,110.0,37.4,41.47372772241575
North Dakota,2019,3644,3271,371,1,1,0,0,88.2,34.9,39.34586695890584
North Dakota,2020,3288,2986,302,0,0,0,0,72.0,35.44444444444444,43.631250725796704
North Dakota,2021,3268,2451,713,67,36,1,0,180.44444444444446,38.44444444444444,45.786468099268134
North Dakota,2022,3237,2675,561,1,0,0,0,84.55555555555556,38.111111111111114,40.944449227939685
North Dakota,2023,3273,2188,933,97,47,5,3,277.6666666666667,42.22222222222222,43.91006851259347
North Dakota,2024,1638,1500,130,8,0,0,0,112.11111111111111,37.333333333333336,42.67577551926479
Ohio,2009,10754,7204,3423,123,4,0,0,112.82051282051282,41.794871794871796,50.28742062399139
Ohio,2010,11917,5627,5877,396,17,0,0,134.25,49.2,45.143730407151494
Ohio,2011,11665,6108,5178,353,26,0,0,134.89743589743588,46.205128205128204,54.2638248670445
Ohio,2012,11510,5465,5491,483,68,3,0,162.89473684210526,48.60526315789474,55.72819186127505
Ohio,2013,11390,6743,4576,69,2,0,0,111.3157894736842,44.26315789473684,54.37717868679474
Ohio,2014,11389,6808,4496,84,1,0,0,110.21052631578948,44.526315789473685,52.905912903283
Ohio,2015,11628,7414,4116,97,1,0,0,109.07692307692308,42.69230769230769,54.26424168100234
Ohio,2016,11928,8006,3785,137,0,0,0,110.2051282051282,41.666666666666664,55.3393989455739
Ohio,2017,12289,8749,3484,55,1,0,0,106.1025641025641,40.51282051282051,54.35102106163665
Ohio,2018,12381,8555,3724,100,2,0,0,108.25,40.125,48.31725420343721
Ohio,2019,12396,8700,3660,36,0,0,0,93.2,40.5,53.33211613151699
Ohio,2020,12266,9464,2739,60,3,0,0,101.5,37.825,53.667011350268005
Ohio,2021,11949,8085,3819,44,1,0,0,99.17948717948718,40.51282051282051,54.445846836532915
Ohio,2022,11488,8267,3154,63,4,0,0,112.97435897435898,40.0,51.84139312016777
Ohio,2023,11435,7409,3805,162,47,12,0,170.24324324324326,43.78378378378378,57.543252789422745
Ohio,2024,5725,4020,1664,41,0,0,0,99.91891891891892,42.54054054054054,56.177958343475304
Oklahoma,2009,7023,4317,2638,64,4,0,0,115.23809523809524,44.23809523809524,58.2469152928262
Oklahoma,2010,7726,4963,2716,46,1,0,0,109.125,43.416666666666664,56.56527720979236
Oklahoma,2011,7545,4091,2992,440,22,0,0,146.17391304347825,47.608695652173914,62.01520507623614
Oklahoma,2012,7100,4010,2751,315,23,1,0,143.45454545454547,46.18181818181818,63.60160229832596
Oklahoma,2013,7052,4659,2314,79,0,0,0,110.69565217391305,42.608695652173914,58.65348715368518
Oklahoma,2014,7350,5121,2200,28,1,0,0,106.36363636363636,41.63636363636363,57.152857436123526
Oklahoma,2015,6972,5190,1774,7,1,0,0,97.04347826086956,38.608695652173914,61.64761235968885
Oklahoma,2016,8017,6331,1673,12,1,0,0,93.0,38.12,62.9176901798445
Oklahoma,2017,8180,6028,2125,26,1,0,0,92.81481481481481,39.25925925925926,59.148729217736886
Oklahoma,2018,7863,5408,2377,75,3,0,0,122.88,41.52,59.51730569859018
Oklahoma,2019,6564,4639,1914,10,1,0,0,95.18181818181819,39.45454545454545,60.33800691462669
Oklahoma,2020,6039,4307,1714,16,2,0,0,111.16666666666667,41.611111111111114,61.57141758213249
Oklahoma,2021,6421,4035,2309,71,6,0,0,124.1,44.8,63.24798774787656
Oklahoma,2022,6476,4137,2256,73,9,1,0,130.9047619047619,44.714285714285715,62.78230812148534
Oklahoma,2023,6580,3805,2669,102,4,0,0,129.95238095238096,47.095238095238095,63.35239503632992
Oklahoma,2024,2406,1612,770,21,3,0,0,108.2,44.5,64.36901143885044
Oregon,2009,8551,5799,2649,86,16,1,0,127.29166666666667,37.5,51.66319543500668
Oregon,2010,8586,6575,1986,22,3,0,0,109.41666666666667,31.416666666666668,51.4597638767015
Oregon,2011,8209,6011,2102,85,10,1,0,119.28,31.72,50.190169104061276
Oregon,2012,8270,6109,2095,47,12,3,4,147.33333333333334,33.75,52.17467201059992
Oregon,2013,8288,5393,2704,138,44,7,2,142.45833333333334,39.458333333333336,51.79722206182846
Oregon,2014,7947,5914,1955,64,14,0,0,128.47826086956522,34.08695652173913,53.8366891859171
Oregon,2015,7957,5738,2062,103,50,3,1,171.6086956521739,35.391304347826086,54.49291452999878
Oregon,2016,7556,6151,1397,7,1,0,0,92.5,30.0,41.451910487522134
Oregon,2017,7903,5486,2103,171,105,30,8,242.3913043478261,35.08695652173913,53.50854502093442
Oregon,2018,7878,5521,2106,140,94,17,0,171.52173913043478,36.56521739130435,52.541949682364006
Oregon,2019,8292,6162,2083,40,7,0,0,107.75,33.083333333333336,53.13470467521465
Oregon,2020,8300,5986,2031,69,77,46,91,671.0869565217391,33.69565217391305,52.91042590215594
Oregon,2021,8310,6103,1966,112,109,19,1,172.6086956521739,34.130434782608695,52.59912987361879
Oregon,2022,7677,5416,2136,60,43,11,11,157.52173913043478,33.56521739130435,51.512286910588294
Oregon,2023,7583,5459,1978,70,48,24,4,197.61904761904762,35.38095238095238,51.908496474351146
Oregon,2024,1898,1546,352,0,0,0,0,68.0,31.142857142857142,49.86467495383366
Pennsylvania,2009,11822,6633,5058,126,5,0,0,113.75,45.611111111111114,56.78730052054794
Pennsylvania,2010,12054,6194,5368,446,46,0,0,150.58333333333334,48.69444444444444,59.4606594739726
Pennsylvania,2011,12764,6677,5774,289,24,0,0,135.43243243243242,48.62162162162162,60.318467986159185
Pennsylvania,2012,13192,6774,5953,427,38,0,0,147.56756756756758,48.54054054054054,58.568589123910584
Pennsylvania,2013,13673,7822,5682,165,4,0,0,124.5,46.921052631578945,56.50040636132246
Pennsylvania,2014,13652,7827,5715,106,4,0,0,111.34210526315789,47.23684210526316,54.24630780740884
Pennsylvania,2015,13360,7562,5632,160,6,0,0,118.24324324324324,46.972972972972975,55.99104210423015
Pennsylvania,2016,13345,8076,5111,156,1,1,0,126.67567567567568,45.567567567567565,57.4599318442623
Pennsylvania,2017,13371,7851,5443,74,3,0,0,106.32432432432432,46.16216216216216,53.931543211015736
Pennsylvania,2018,13621,9248,4278,90,5,0,0,111.76923076923077,41.794871794871796,53.17235484982652
Pennsylvania,2019,14075,10112,3897,59,7,0,0,103.175,42.05,53.48757787137418
Pennsylvania,2020,14280,10802,3434,43,1,0,0,98.75,40.425,54.66021786853943
Pennsylvania,2021,13728,8765,4874,84,5,0,0,120.65,43.6,54.965245066930855
Pennsylvania,2022,13184,8874,4263,45,2,0,0,100.375,43.275,53.4454011200701
Pennsylvania,2023,12690,8150,4306,137,64,29,4,202.18421052631578,43.71052631578947,54.87059314190676
Pennsylvania,2024,4930,3991,933,6,0,0,0,81.29411764705883,33.26470588235294,51.315265770910216
Rhode Island,2009,869,641,220,8,0,0,0,115.33333333333333,40.0,50.80173587346838
Rhode Island,2010,930,670,239,19,2,0,0,143.33333333333334,41.333333333333336,53.25475482922375
Rhode Island,2011,944,633,292,19,0,0,0,140.0,42.666666666666664,52.41466591933065
Rhode Island,2012,1028,710,290,25,3,0,0,161.66666666666666,43.0,53.65878843551197
Rhode Island,2013,1087,757,309,20,1,0,0,154.0,43.666666666666664,51.15401623222601
Rhode Island,2014,1093,855,235,3,0,0,0,106.33333333333333,40.333333333333336,50.27844667278464
Rhode Island,2015,1083,720,348,12,3,0,0,163.33333333333334,44.666666666666664,51.0920564456621
Rhode Island,2016,1081,799,269,12,1,0,0,146.0,40.666666666666664,52.566065611956795
Rhode Island,2017,1076,853,209,13,1,0,0,144.66666666666666,37.333333333333336,51.898631918811596
Rhode Island,2018,1080,817,244,19,0,0,0,134.0,39.333333333333336,52.01077089658698
Rhode Island,2019,1068,864,202,2,0,0,0,103.0,39.333333333333336,50.192583026695786
Rhode Island,2020,1090,879,206,4,1,0,0,133.0,38.0,53.71524646169548
Rhode Island,2021,1081,838,234,9,0,0,0,139.66666666666666,38.333333333333336,53.23222099211765
Rhode Island,2022,1079,910,164,4,1,0,0,124.0,36.666666666666664,52.62457943005756
Rhode Island,2023,1077,791,268,18,0,0,0,130.33333333333334,42.0,53.41117368416378
Rhode Island,2024,367,348,19,0,0,0,0,54.666666666666664,34.666666666666664,46.637365265754426
South Carolina,2009,6377,4761,1609,7,0,0,0,85.6,39.4,41.45
South Carolina,2010,6510,4424,2025,61,0,0,0,111.1,43.15,62.545403204986144
South Carolina,2011,5910,3583,2244,79,4,0,0,120.0,45.9,75.17355848148148
South Carolina,2012,5119,3341,1753,23,2,0,0,109.42105263157895,43.68421052631579,69.4065435756208
South Carolina,2013,5371,3988,1381,2,0,0,0,84.47368421052632,39.526315789473685,66.69055486095506
South Carolina,2014,5415,3706,1706,2,1,0,0,89.78947368421052,42.10526315789474,67.07134357222222
South Carolina,2015,5611,4358,1249,4,0,0,0,84.89473684210526,39.26315789473684,70.1370008118925
South Carolina,2016,5880,4417,1429,23,10,1,0,117.6,40.5,70.07342618248128
South Carolina,2017,5808,4570,1232,6,0,0,0,84.52631578947368,38.36842105263158,65.75677194692737
South Carolina,2018,5114,3990,1119,5,0,0,0,83.38888888888889,37.72222222222222,64.59951715342466
South Carolina,2019,4256,2998,1248,10,0,0,0,82.38888888888889,38.22222222222222,65.62012141369863
South Carolina,2020,4470,3670,793,7,0,0,0,89.92857142857143,37.5,68.47147775639614
South Carolina,2021,4558,3326,1228,4,0,0,0,91.57142857142857,41.214285714285715,61.41730206234509
South Carolina,2022,4503,3301,1201,1,0,0,0,87.85714285714286,41.714285714285715,66.33749569418738
South Carolina,2023,4489,2932,1539,18,0,0,0,105.64285714285714,44.285714285714285,65.26335671666696
South Carolina,2024,2308,1583,721,4,0,0,0,101.0,44.53846153846154,66.40882165686385
South Dakota,2009,3030,2426,596,5,2,0,1,136.88888888888889,36.888888888888886,44.51076563089251
South Dakota,2010,3037,2400,632,4,1,0,0,107.11111111111111,38.22222222222222,49.375296914580225
South Dakota,2011,3006,2431,572,3,0,0,0,87.55555555555556,36.888888888888886,48.813607294477265
South Dakota,2012,3040,2014,1010,15,1,0,0,106.0,42.888888888888886,50.2979162744262
South Dakota,2013,3020,2136,883,1,0,0,0,90.55555555555556,42.333333333333336,44.6286817979512
South Dakota,2014,3026,2533,490,3,0,0,0,91.33333333333333,36.333333333333336,48.578058430612685
South Dakota,2015,3387,2621,749,16,1,0,0,120.4,38.2,45.83593776379174
South Dakota,2016,3396,2955,435,6,0,0,0,90.8,33.5,52.28511584995507
South Dakota,2017,3395,2834,551,8,2,0,0,108.4,35.1,50.60378890613831
South Dakota,2018,3392,2759,619,13,0,0,1,134.3,35.8,42.96310085298904
South Dakota,2019,3386,2937,439,10,0,0,0,90.4,33.5,47.27075897940199
South Dakota,2020,3645,3093,548,4,0,0,0,96.1,35.4,45.96289656814245
South Dakota,2021,3516,2750,719,29,11,7,0,210.2,35.4,49.914724469753466
South Dakota,2022,3625,3096,523,6,0,0,0,95.0,34.4,38.97380421652138
South Dakota,2023,3640,2701,831,78,28,2,0,174.2,39.1,26.88138083333333
Tennessee,2009,6704,5091,1586,26,1,0,0,101.41666666666667,37.25,57.705440697744834
Tennessee,2010,6601,4208,2184,207,2,0,0,114.83333333333333,42.833333333333336,52.98566999357807
Tennessee,2011,6820,4540,2111,160,9,0,0,116.375,41.75,56.50684011564474
Tennessee,2012,6257,4151,1911,168,24,3,0,139.69565217391303,42.30434782608695,58.993751039141934
Tennessee,2013,6649,4684,1955,10,0,0,0,87.96,43.0,56.024801158463795
Tennessee,2014,6503,4492,1999,12,0,0,0,92.20833333333333,42.833333333333336,55.41229420996503
Tennessee,2015,6216,4559,1645,12,0,0,0,90.625,41.208333333333336,57.47414461869287
Tennessee,2016,5746,4127,1570,39,10,0,0,113.45833333333333,41.0,58.27276524469816
Tennessee,2017,6959,5066,1884,8,1,0,0,90.8695652173913,41.91304347826087,57.9336877814944
Tennessee,2018,7682,5576,2079,26,1,0,0,98.73913043478261,40.52173913043478,57.376685336558275
Tennessee,2019,7774,5534,2230,10,0,0,0,87.08695652173913,41.21739130434783,57.896755135650785
Tennessee,2020,7769,6289,1469,9,2,0,0,95.04347826086956,37.08695652173913,57.21383283762159
Tennessee,2021,7781,5637,2122,22,0,0,0,102.1304347826087,40.26086956521739,59.03997065972428
Tennessee,2022,7708,5812,1875,18,3,0,0,102.56521739130434,40.130434782608695,58.68181664159802
Tennessee,2023,7692,5378,2256,58,0,0,0,114.1304347826087,42.56521739130435,60.03601407786581
Tennessee,2024,2226,1693,533,0,0,0,0,70.47826086956522,37.65217391304348,58.32153849618993
Texas,2009,15156,9530,5349,237,38,2,0,122.4888888888889,43.644444444444446,67.8984598219034
Texas,2010,15258,10038,4937,251,32,0,0,120.11111111111111,42.91111111111111,67.0730965605931
Texas,2011,15069,8569,5867,545,85,3,0,147.35555555555555,46.46666666666667,69.9718587251481
Texas,2012,14722,8836,5474,353,47,10,2,154.48837209302326,45.372093023255815,69.84411412315461
Texas,2013,14796,9703,4833,241,19,0,0,126.55813953488372,43.04651162790697,66.18506911622063
Texas,2014,14617,9675,4838,97,7,0,0,110.3953488372093,42.53488372093023,66.17269093088008
Texas,2015,14340,9767,4331,211,30,1,0,122.73170731707317,41.609756097560975,68.07094473449705
Texas,2016,14424,10770,3570,80,4,0,0,106.02380952380952,40.19047619047619,67.09454797183255
Texas,2017,14435,10279,4016,133,6,1,0,114.61904761904762,41.595238095238095,68.27165380026176
Texas,2018,14541,10081,4215,219,24,2,0,130.42857142857142,40.904761904761905,67.70392416475657
Texas,2019,14440,9996,4305,129,9,1,0,115.95121951219512,42.21951219512195,67.36572041639974
Texas,2020,15852,11414,4295,120,23,0,0,123.06666666666666,39.6,68.39155921470626
Texas,2021,16090,11244,4685,144,16,1,0,112.68888888888888,40.55555555555556,68.90022435442502
Texas,2022,15883,10647,4989,234,12,1,0,123.37777777777778,41.8,68.19075825022135
Texas,2023,15787,10196,5257,302,30,1,1,125.4,41.82222222222222,69.77813535339698
Texas,2024,4639,3400,1194,33,7,2,3,94.38636363636364,39.20454545454545,66.40891973079424
Utah,2009,3603,1812,1654,119,18,0,0,138.83333333333334,44.75,52.4487495443385
Utah,2010,3998,2185,1644,117,37,14,1,169.76923076923077,44.0,53.25753440293465
Utah,2011,4652,2771,1727,112,33,9,0,136.66666666666666,43.333333333333336,48.195016241915596
Utah,2012,5065,2894,2040,126,5,0,0,129.66666666666666,46.333333333333336,54.407980513324055
Utah,2013,4964,2897,1730,221,90,26,0,144.86666666666667,46.46666666666667,50.49749950226214
Utah,2014,4997,3568,1344,78,7,0,0,118.26666666666667,42.86666666666667,53.582331318214614
Utah,2015,4780,3323,1371,82,4,0,0,127.14285714285714,41.92857142857143,54.91655111967941
Utah,2016,4553,3085,1350,101,15,2,0,126.42857142857143,41.07142857142857,53.12403955488102
Utah,2017,4717,2812,1728,155,20,2,0,138.0,45.714285714285715,53.62688666422137
Utah,2018,5217,3008,2043,152,14,0,0,131.73333333333332,45.8,54.41898930502983
Utah,2019,5093,3549,1459,72,9,4,0,126.46666666666667,43.93333333333333,50.130171592686594
Utah,2020,5209,3633,1496,72,7,1,0,129.73333333333332,42.86666666666667,53.493460042788065
Utah,2021,5223,3340,1688,176,19,0,0,142.93333333333334,43.86666666666667,55.185397240716085
Utah,2022,5075,3511,1500,62,2,0,0,110.73333333333333,43.53333333333333,50.01612160381243
Utah,2023,5229,3489,1624,77,35,4,0,117.625,41.9375,50.38861072238849
Utah,2024,2793,1929,829,33,2,0,0,109.57142857142857,45.07142857142857,55.253791190071574
Vermont,2009,1089,738,346,5,0,0,0,111.0,40.333333333333336,46.575792641210256
Vermont,2010,1094,775,314,4,1,0,0,124.0,39.0,48.77928015520598
Vermont,2011,1096,653,434,9,0,0,0,93.75,36.5,48.36316750946071
Vermont,2012,1211,888,318,5,0,0,0,94.5,35.25,50.02641300461135
Vermont,2013,1210,869,336,5,0,0,0,105.0,35.75,47.19501818957752
Vermont,2014,1212,910,299,3,0,0,0,86.5,33.75,46.51546768463978
Vermont,2015,1207,884,320,3,0,0,0,96.0,34.0,47.32270860962783
Vermont,2016,1206,1039,166,1,0,0,0,84.75,31.0,48.86014262318225
Vermont,2017,1212,1012,199,1,0,0,0,79.0,32.0,48.20820652709606
Vermont,2018,1212,971,240,1,0,0,0,84.5,32.0,47.65735485481857
Vermont,2019,1199,1019,180,0,0,0,0,79.5,31.75,46.44294442328768
Vermont,2020,1211,1028,183,0,0,0,0,77.5,31.75,49.030875131862594
Vermont,2021,1213,974,236,3,0,0,0,103.5,32.0,48.86426395226897
Virginia,2009,9402,7378,2010,14,0,0,0,83.12820512820512,33.717948717948715,49.85026768356164
Virginia,2010,9282,6142,2943,172,25,0,0,114.02564102564102,38.82051282051282,50.25855256712329
Virginia,2011,9603,6870,2589,128,16,0,0,105.52631578947368,36.36842105263158,54.514674476154234
Virginia,2012,9621,7189,2290,125,16,1,0,108.10526315789474,35.36842105263158,54.68860391880285
Virginia,2013,8964,7332,1618,14,0,0,0,84.27777777777777,33.52777777777778,52.21705595509325
Virginia,2014,9134,7353,1769,11,1,0,0,79.37142857142857,34.457142857142856,51.70195315040896
Virginia,2015,9126,7275,1833,18,0,0,0,80.65714285714286,34.82857142857143,53.800465161653904
Virginia,2016,8665,7167,1461,37,0,0,0,91.82352941176471,32.705882352941174,51.23672435060152
Virginia,2017,8651,7318,1327,5,1,0,0,75.72727272727273,33.515151515151516,55.22177002739535
Virginia,2018,8410,7086,1317,7,0,0,0,80.96875,32.71875,54.011575463267235
Virginia,2019,8439,7269,1166,4,0,0,0,74.8125,34.46875,53.035083033353516
Virginia,2020,8483,7707,775,1,0,0,0,65.12903225806451,31.29032258064516,58.896471953886895
Virginia,2021,8844,7364,1464,16,0,0,0,86.4375,33.21875,59.42543765246459
Virginia,2022,8822,7643,1175,4,0,0,0,74.54838709677419,33.74193548387097,58.6760142092701
Virginia,2023,8749,7039,1631,51,26,2,0,139.0,37.166666666666664,59.858333942044624
Virginia,2024,4720,4029,689,2,0,0,0,72.66666666666667,36.03333333333333,56.96262653105633
Washington,2009,10363,7474,2831,53,5,0,0,96.66666666666667,35.166666666666664,48.8199884186665
Washington,2010,10612,8691,1903,13,3,2,0,88.76666666666667,29.766666666666666,48.898857701255864
Washington,2011,10446,8221,2165,47,13,0,0,100.3,30.166666666666668,49.24568873109765
Washington,2012,10407,7851,2458,58,36,2,2,129.6551724137931,33.172413793103445,49.55172796777673
Washington,2013,10052,7127,2864,52,8,0,1,113.82758620689656,34.37931034482759,50.84302305195403
Washington,2014,9957,7763,2141,45,8,0,0,106.55172413793103,31.586206896551722,52.41653536546454
Washington,2015,10032,7504,2385,105,30,1,7,166.06896551724137,33.793103448275865,53.73995682483431
Washington,2016,10114,8439,1647,23,5,0,0,91.06896551724138,29.689655172413794,52.63589838850526
Washington,2017,10380,7625,2448,173,107,25,2,195.33333333333334,32.93333333333333,49.75885501152247
Washington,2018,10668,8084,2288,151,122,19,4,216.26666666666668,31.666666666666668,52.31851751155365
Washington,2019,10958,8629,2311,18,0,0,0,87.83870967741936,31.032258064516128,50.77586214877606
Washington,2020,10705,8688,1751,44,84,82,56,453.35483870967744,29.580645161290324,52.744634239987235
Washington,2021,10805,8673,1953,80,79,18,2,150.2258064516129,31.129032258064516,54.312850933456915
Washington,2022,10761,8149,2428,109,65,9,1,172.0,31.967741935483872,51.39651408187734
Washington,2023,10683,8499,2095,34,26,25,4,195.83870967741936,31.903225806451612,52.873232264650824
Washington,2024,3625,3241,384,0,0,0,0,65.16666666666667,25.133333333333333,46.45424584140178
West Virginia,2011,3865,2530,1300,32,3,0,0,112.0,43.333333333333336,52.62992458082192
West Virginia,2012,3985,2551,1372,60,2,0,0,123.13333333333334,44.13333333333333,54.29489569672131
West Virginia,2013,4013,2973,1029,11,0,0,0,99.2,40.0,51.84530971780821
West Virginia,2014,3921,2916,1002,3,0,0,0,89.73333333333333,39.06666666666667,50.37535734246576
West Virginia,2015,3901,2912,975,13,1,0,0,101.06666666666666,39.53333333333333,52.58022137534247
West Virginia,2016,3816,2965,841,10,0,0,0,96.71428571428571,38.785714285714285,57.23267109464936
West Virginia,2017,4054,3163,888,3,0,0,0,83.14285714285714,39.285714285714285,55.74053124206043
West Virginia,2018,3918,3161,754,3,0,0,0,87.28571428571429,37.285714285714285,55.271626022479495
West Virginia,2019,3686,3086,597,3,0,0,0,81.5,38.785714285714285,56.178978781590445
West Virginia,2020,3698,3288,408,2,0,0,0,81.28571428571429,35.357142857142854,56.56677816715526
West Virginia,2021,3996,3125,870,1,0,0,0,84.35714285714286,37.642857142857146,57.2997925448941
West Virginia,2022,3787,3148,638,1,0,0,0,83.0,36.5,56.092814365993824
West Virginia,2023,3647,2810,808,18,10,1,0,159.84615384615384,39.46153846153846,53.76147658949521
West Virginia,2024,1003,807,196,0,0,0,0,66.76923076923077,36.23076923076923,54.3056432937965
Wisconsin,2009,7985,6298,1615,66,6,0,0,116.625,38.25,48.99245099323534
Wisconsin,2010,7820,5995,1724,89,12,0,0,115.60606060606061,39.696969696969695,53.681419547795656
Wisconsin,2011,7218,5289,1827,90,11,1,0,122.3,39.3,49.825775575531296
Wisconsin,2012,7842,5068,2423,289,62,0,0,139.74193548387098,39.70967741935484,53.43318139792039
Wisconsin,2013,8022,5535,2444,42,0,1,0,95.40625,37.875,46.656177044177504
Wisconsin,2014,7598,5481,2049,68,0,0,0,113.5,41.07692307692308,46.102836994189964
Wisconsin,2015,7796,6018,1730,46,2,0,0,109.18518518518519,39.74074074074074,50.63293466007088
Wisconsin,2016,7639,6098,1438,96,7,0,0,118.70370370370371,37.851851851851855,52.556630429088024
Wisconsin,2017,8330,6742,1532,56,0,0,0,100.88888888888889,38.74074074074074,48.396377355929076
Wisconsin,2018,8431,6305,2043,70,13,0,0,124.5925925925926,41.629629629629626,48.83803789371013
Wisconsin,2019,8058,6357,1682,19,0,0,0,99.5925925925926,38.55555555555556,47.236498724244505
Wisconsin,2020,8071,6207,1794,64,6,0,0,120.66666666666667,38.77777777777778,49.29538344540536
Wisconsin,2021,8586,5976,2530,75,5,0,0,118.03448275862068,41.41379310344828,50.622651887130914
Wisconsin,2022,8702,6791,1857,47,7,0,0,112.20689655172414,39.172413793103445,47.3435536240534
Wisconsin,2023,8751,5511,2839,321,64,16,0,186.48275862068965,43.96551724137931,48.97614238098866
Wisconsin,2024,1625,1336,289,0,0,0,0,61.714285714285715,36.392857142857146,47.12510040407921
Wyoming,2009,4494,3741,734,14,5,0,0,99.05882352941177,31.41176470588235,42.8608711979436
Wyoming,2010,4968,3913,1041,14,0,0,0,90.72222222222223,33.166666666666664,44.400798734872744
Wyoming,2011,5309,4060,1215,28,3,3,0,99.44444444444444,35.166666666666664,43.987784347691736
Wyoming,2012,5568,3866,1625,66,9,2,0,122.6842105263158,37.526315789473685,48.140768245077794
Wyoming,2013,5727,4573,1139,13,1,0,1,108.33333333333333,37.27777777777778,43.42582852118669
Wyoming,2014,5888,4971,907,8,2,0,0,89.89473684210526,35.89473684210526,44.83979436899802
Wyoming,2015,5878,4906,950,18,4,0,0,110.78947368421052,35.89473684210526,45.86872133455673
Wyoming,2016,5929,5069,856,3,1,0,0,94.88888888888889,37.833333333333336,45.68168902476992
Wyoming,2017,5560,4262,1257,29,9,2,1,169.58823529411765,39.05882352941177,44.26725803389013
Wyoming,2018,5934,4528,1381,22,3,0,0,106.5,39.77777777777778,43.89129984490552
Wyoming,2019,6190,5311,859,17,3,0,0,98.16666666666667,38.94444444444444,41.76981784685924
Wyoming,2020,6118,5188,861,52,15,1,1,199.55555555555554,35.94444444444444,44.33438683160196
Wyoming,2021,6311,4907,1287,107,4,1,5,159.44444444444446,35.55555555555556,46.58684880642008
Wyoming,2022,6528,5525,970,21,7,0,5,154.22222222222223,36.388888888888886,43.46967149956512
Wyoming,2023,6536,5419,1073,36,6,1,1,121.88888888888889,36.55555555555556,43.03130166280381
Wyoming,2024,2190,2000,182,7,1,0,0,71.52941176470588,29.235294117647058,40.8639905950694
